Adidas,NOUN,Positive,2.807977189116741
Airbus,NOUN,Positive,3.7299746771154676
Amerikka,NOUN,Positive,2.0194812943104528
Art,NOUN,Positive,2.0194812943104528
Ateena,NOUN,Positive,2.2604893938142476
Aurajoki,NOUN,Positive,3.8454518945354037
Aurinkomatkat,NOUN,Positive,2.0194812943104528
Australia,NOUN,Positive,3.7299746771154676
Ban,NOUN,Positive,2.7299746771154676
Berliini,NOUN,Positive,2.2879701302363546
Best,NOUN,Positive,3.689332692618122
Bosch,NOUN,Negative,-2.1769159184930507
Budapest,NOUN,Positive,2.807977189116741
Coin,NOUN,Positive,3.5373295991730718
Cook,NOUN,Positive,2.1450121763943115
Danske,NOUN,Positive,2.5600496756731554
Deb,NOUN,Negative,-2.024912825048001
Doha,NOUN,Positive,3.2604893938142476
Dunlop,NOUN,Negative,-2.761878419214207
Edit,NOUN,Negative,-2.8549878236056885
Engel,NOUN,Positive,2.2604893938142476
Eurooppa,NOUN,Positive,2.2039058654478803
Extra,NOUN,Positive,2.498649131009012
Fazer,NOUN,Positive,4.418030670800728
Finland,NOUN,Positive,2.083611631730168
Florida,NOUN,Positive,2.2604893938142476
Frankfurt,NOUN,Positive,2.6475125169234945
Gdansk,NOUN,Positive,2.807977189116741
Good,NOUN,Positive,3.5600496756731554
Google,NOUN,Positive,2.4669402712816737
Haikko,NOUN,Positive,3.917601680291239
Hakaniemi,NOUN,Positive,2.1450121763943115
Halloween,NOUN,Negative,-3.024912825048001
Halunen,NOUN,Positive,5.05190277200283
Helsing,NOUN,Positive,2.1569848180603874
Hesa,NOUN,Positive,2.0194812943104528
Imatra,NOUN,Positive,2.6475125169234945
Juli,NOUN,Positive,3.4180306708007273
Julia,NOUN,Positive,3.083611631730168
Jyväskylä,NOUN,Positive,2.3674045977307596
Kajaani,NOUN,Positive,3.1450121763943115
Kanada,NOUN,Positive,2.8819777705605176
Kariranta,NOUN,Positive,2.0194812943104528
King,NOUN,Positive,2.3674045977307596
Kohi,NOUN,Positive,2.3674045977307596
Kokkola,NOUN,Negative,-4.024912825048001
Krakova,NOUN,Positive,2.0194812943104528
Kuopio,NOUN,Positive,2.083611631730168
Lastentarvike,NOUN,Positive,2.1450121763943115
Lenno,NOUN,Positive,4.604443795031608
Lisa,NOUN,Negative,-2.761878419214207
Lonto,NOUN,Positive,2.4669402712816737
Lontoo,NOUN,Positive,2.4669402712816737
Lufthansa,NOUN,Positive,2.0194812943104528
Luxus,NOUN,Positive,2.807977189116741
Mallorca,NOUN,Positive,2.0194812943104528
Malmö,NOUN,Negative,-2.761878419214207
Mikko,NOUN,Negative,-2.761878419214207
Milla,NOUN,Positive,2.0194812943104528
Minna,NOUN,Positive,2.1450121763943115
Naantali,NOUN,Positive,3.3149371778366237
Nan,NOUN,Positive,2.7970888729740047
Nizza,NOUN,Positive,3.0194812943104528
Nordea,NOUN,Positive,2.0710115949505346
Oslo,NOUN,Positive,2.2604893938142476
Porvoo,NOUN,Positive,3.3929396898378967
Praha,NOUN,Positive,3.0194812943104528
Pyynikki,NOUN,Positive,2.0194812943104528
Ray,NOUN,Positive,3.3674045977307596
Riika,NOUN,Positive,4.93508910702008
Rooma,NOUN,Positive,2.4669402712816737
Rovaniemi,NOUN,Positive,2.4180306708007273
Saariselkä,NOUN,Positive,2.3674045977307596
Saima,NOUN,Positive,3.7299746771154676
Sassi,NOUN,Positive,2.3674045977307596
Service,NOUN,Positive,2.9292834853388743
Skoda,NOUN,Negative,-3.024912825048001
Sokos,NOUN,Positive,3.2039058654478803
Surkee,NOUN,Negative,-2.761878419214207
Tallinna,NOUN,Positive,2.807977189116741
Tampere,NOUN,Positive,2.58795567224304
Teresa,NOUN,Positive,2.0194812943104528
Thaimaa,NOUN,Positive,3.3674045977307596
Thomas,NOUN,Positive,2.1450121763943115
Tietoturva,NOUN,Negative,-2.761878419214207
Tomi,NOUN,Positive,2.1450121763943115
Ulla,NOUN,Negative,-4.024912825048001
Vaasa,NOUN,Positive,3.2604893938142476
Vesijärvi,NOUN,Positive,2.807977189116741
Wien,NOUN,Positive,2.4669402712816737
aalto,NOUN,Positive,2.3674045977307596
aamiainen,NOUN,Positive,4.708102496637962
aamukahvi,NOUN,Positive,2.7299746771154676
aamupala,NOUN,Positive,4.381646520306538
aasi,NOUN,Positive,2.3674045977307596
aateli,NOUN,Positive,2.0194812943104528
adapteri,NOUN,Positive,2.1450121763943115
ahdas,ADJ,Positive,4.582417488701609
ahne,ADJ,Negative,-3.024912825048001
ahtaus,NOUN,Positive,2.4669402712816737
aikataulu,NOUN,Positive,2.2671326674448613
aikayksikkö,NOUN,Positive,2.0194812943104528
aikoa,AUX,Positive,2.7299746771154676
aikuinen,ADJ,Positive,3.1450121763943115
aina,ADP,Positive,2.0721975342206775
aino,ADJ,Positive,2.828396730355674
ainoastaan,ADV,Positive,2.8819777705605176
ainu,NOUN,Positive,2.930737082480373
ainut,ADJ,Positive,3.8819777705605176
ainutlaatuinen,ADJ,Positive,2.2604893938142476
aita,NOUN,Positive,2.1450121763943115
ajantasaistaa,VERB,Positive,2.0194812943104528
ajatus,NOUN,Positive,2.769503041302105
ajoittaa,VERB,Positive,2.3326391795700827
akryyli,NOUN,Positive,2.0194812943104528
aktiivat,NOUN,Positive,2.0194812943104528
aktiivinen,ADJ,Positive,2.3929396898378967
aktiviteetti,NOUN,Positive,2.9523670984519157
aktivoida,VERB,Negative,-3.024912825048001
akvaario,NOUN,Positive,2.3674045977307596
alakanttiin,ADP,Negative,-2.761878419214207
alakerta,NOUN,Positive,4.788868366169036
alennusmyynti,NOUN,Positive,2.5600496756731554
alkeellinen,ADJ,Negative,-3.024912825048001
alkoholi,NOUN,Positive,2.1450121763943115
alkuruoka,NOUN,Positive,2.1450121763943115
allas,NOUN,Positive,5.7399587656880895
aloitella,VERB,Positive,3.083611631730168
alta,ADP,Positive,2.807977189116741
amatööri,NOUN,Negative,-2.024912825048001
ammattilainen,ADJ,Positive,2.2604893938142476
ammattimainen,ADJ,Positive,3.4669402712816737
ammattimaisesti,ADV,Positive,2.7299746771154676
ammattimaistaa,VERB,Positive,2.8819777705605176
ammattitaidoton,ADJ,Negative,-4.247305246384449
ammattitaito,NOUN,Positive,4.114638527350793
ammattitaitoinen,ADJ,Positive,3.713855011752191
amme,NOUN,Positive,3.083611631730168
ankea,ADJ,Positive,2.807977189116741
annos,NOUN,Positive,3.604443795031609
anteeksipyyntö,NOUN,Negative,-2.024912825048001
apteekki,NOUN,Positive,2.1450121763943115
apu,NOUN,Positive,2.000316059896597
arvostaa,VERB,Positive,2.865858105197241
arvostava,ADJ,Positive,2.1450121763943115
asiakaspalvelu,NOUN,Negative,-2.6623427456632927
asiakirja,NOUN,Positive,2.2604893938142476
asiallinen,ADJ,Positive,4.0357831066395535
asiamies,NOUN,Negative,-2.1769159184930507
asianmukainen,ADJ,Positive,2.9058245125148856
asianmukaisesti,ADV,Positive,2.2970152698393616
asiantuntemus,NOUN,Positive,2.0194812943104528
asiantunteva,ADJ,Positive,5.145012176394311
asiantuntevasti,ADV,Positive,3.3149371778366237
asioida,VERB,Positive,2.034308711988092
asiointi,NOUN,Positive,3.0044999027720385
askarruttaa,VERB,Positive,3.3674045977307596
askel,NOUN,Positive,2.3674045977307596
asti,ADV,Positive,2.109679103282031
astinen,ADJ,Positive,2.2604893938142476
astua,VERB,Positive,2.2604893938142476
asua,VERB,Positive,2.0194812943104528
asuste,NOUN,Positive,2.7299746771154676
ateria,NOUN,Positive,4.099208486781187
aukea,ADJ,Negative,-2.024912825048001
aula,NOUN,Positive,2.782442097009603
aurinko,NOUN,Positive,2.6409696710567228
aurinkoinen,ADJ,Positive,2.2039058654478803
autokorjaamo,NOUN,Negative,-2.761878419214207
autopaikka,NOUN,Positive,2.1450121763943115
autotalli,NOUN,Positive,2.0194812943104528
avara,ADJ,Positive,3.2039058654478803
avaruus,NOUN,Positive,2.1450121763943115
avulias,ADJ,Positive,2.8577302243138405
baari,NOUN,Positive,5.719921012451545
bali,NOUN,Positive,2.0194812943104528
bambu,NOUN,Positive,2.0194812943104528
bar,NOUN,Positive,3.8454518945354037
betoni,NOUN,Positive,3.3149371778366237
bitti,NOUN,Positive,3.966042035348992
bonus,NOUN,Positive,2.4454071097320327
brunssi,NOUN,Positive,5.604443795031608
budjetti,NOUN,Positive,3.5142459860600304
buffet,NOUN,Positive,3.341409389197815
buffetti,NOUN,Positive,2.807977189116741
business,NOUN,Positive,2.7097967951778372
bussi,NOUN,Positive,2.2230146883955846
cafe,NOUN,Positive,4.314937177836624
cappuccino,NOUN,Positive,2.7299746771154676
classic,NOUN,Positive,2.7299746771154676
croissant,NOUN,Positive,2.2604893938142476
diili,NOUN,Positive,2.4669402712816737
drinkki,NOUN,Positive,2.3674045977307596
edistyminen,NOUN,Positive,2.2604893938142476
edukas,ADJ,Positive,3.4669402712816737
edullinen,ADJ,Positive,4.488577920540117
ehdoton,ADJ,Positive,2.769503041302105
ehdottomasti,ADV,Positive,3.370621310414302
ei,VERB,Negative,-2.761878419214207
elokuva,NOUN,Positive,2.782442097009603
elämys,NOUN,Positive,3.3674045977307596
elämä,NOUN,Positive,2.1229858700643125
elävä,ADJ,Positive,3.083611631730168
enduro,NOUN,Positive,2.0194812943104528
enkä,ADV,Negative,-2.4399503243268446
ennestään,ADP,Positive,2.6475125169234945
ensikertalainen,NOUN,Positive,4.0357831066395535
ensiluokkainen,ADJ,Positive,5.749874234553173
ensivaikutelma,NOUN,Positive,2.083611631730168
epäammattimainen,ADJ,Negative,-2.4399503243268446
epäluotettava,ADJ,Negative,-4.7029847301606384
epämääräisesti,ADV,Negative,-2.4399503243268446
epätasainen,ADJ,Negative,-2.287947230881795
erehtyä,VERB,Negative,-2.217557902990397
erikoinen,ADJ,Positive,2.352607595802679
erikoisruokavalio,NOUN,Positive,2.4669402712816737
erikoisuus,NOUN,Positive,2.8819777705605176
erinomainen,ADJ,Positive,5.889797275019817
erinomaisesti,ADV,Positive,2.8819777705605176
eritoten,ADV,Positive,2.807977189116741
erittäin,ADV,Positive,2.968554205112766
erityinen,ADJ,Positive,3.4907870132360417
erityisesti,ADV,Positive,3.097483806311726
eronnut,ADJ,Negative,-2.4399503243268446
erotella,VERB,Positive,2.0194812943104528
erääntynyt,ADJ,Negative,-3.4399503243268446
esillä,ADV,Positive,2.7984544149982344
esimerkillinen,ADJ,Positive,3.917601680291239
esimerkillisesti,ADV,Positive,2.6475125169234945
esitellä,VERB,Positive,2.6475125169234945
esitetty,ADJ,Positive,2.4345187935892962
esittely,NOUN,Positive,2.7299746771154676
espresso,NOUN,Positive,2.1450121763943115
etana,NOUN,Negative,-2.1769159184930507
eteinen,NOUN,Positive,2.3674045977307596
etenkin,ADV,Positive,4.490787013236042
etsiminen,NOUN,Positive,3.124834294456681
etsiskellä,VERB,Positive,2.1450121763943115
etsitty,ADJ,Positive,2.3674045977307596
etsivä,ADJ,Positive,2.2604893938142476
etsiä,VERB,Positive,2.1043701918969657
etuajassa,ADV,Positive,4.826836216368057
etunimi,NOUN,Negative,-3.024912825048001
etäisyys,NOUN,Positive,2.4669402712816737
eväs,NOUN,Positive,3.2604893938142476
fiasko,NOUN,Negative,-2.761878419214207
floristi,NOUN,Positive,3.083611631730168
foto,NOUN,Positive,2.0194812943104528
freelancer,NOUN,Positive,2.3674045977307596
fyysinen,ADJ,Negative,-2.024912825048001
gigantti,NOUN,Negative,-3.2812525783077864
gluteeniton,ADJ,Positive,5.174759519788363
gramma,NOUN,Negative,-2.15044370713186
grillata,VERB,Positive,2.7299746771154676
haaste,NOUN,Positive,3.689332692618122
haettiin,VERB,Positive,2.0194812943104528
hahmo,NOUN,Negative,-2.314419442242986
haitata,VERB,Positive,4.20390586544788
haittapuoli,NOUN,Positive,2.0194812943104528
hajuste,NOUN,Positive,2.0194812943104528
hakemani,NOUN,Positive,3.5142459860600304
hakeminen,NOUN,Positive,3.083611631730168
haku,NOUN,Positive,2.5296760266296365
hakukone,NOUN,Positive,3.3674045977307596
haloo,NOUN,Negative,-2.8549878236056885
haluinen,ADJ,Positive,2.0194812943104528
haluta,VERB,Positive,2.1450121763943115
hampurilainen,NOUN,Positive,2.6475125169234945
hana,NOUN,Positive,2.2604893938142476
hankinta,NOUN,Positive,2.4548674389810987
hankittu,ADJ,Positive,2.2230146883955846
harhaanjohtaa,VERB,Negative,-2.4399503243268446
harhauttaa,VERB,Negative,-4.024912825048001
harjoitella,VERB,Positive,2.8819777705605176
harju,NOUN,Positive,2.6475125169234945
harmitella,VERB,Positive,2.0194812943104528
harvinainen,ADJ,Positive,2.1956382494642797
haudutettu,ADJ,Positive,2.5600496756731554
hauska,ADJ,Positive,3.0655777088999066
havainnollinen,ADJ,Positive,2.0194812943104528
hedelmä,NOUN,Positive,4.232475017644651
heidät,PRON,Positive,2.5600496756731554
heihin,PRON,Negative,-2.8549878236056885
heikko,ADJ,Negative,-2.0529272012175976
heikkolaatuinen,ADJ,Negative,-3.4399503243268446
heinänteko,NOUN,Positive,4.083611631730168
helmi,NOUN,Positive,3.769503041302105
helpohko,ADJ,Positive,2.1450121763943115
helposti,ADV,Positive,3.9303407921219167
helpottaa,VERB,Positive,2.0625500162023385
helpottua,VERB,Positive,2.2039058654478803
helppo,ADJ,Positive,5.496516093280447
helppokäyttöinen,ADJ,Positive,5.502564181012395
helppolukuinen,ADJ,Positive,2.7299746771154676
helppous,NOUN,Positive,3.7299746771154676
henkilökohtainen,ADJ,Positive,2.668574132451324
henkilökohtaisesti,ADV,Positive,2.1450121763943115
henkilökunta,NOUN,Positive,4.266027577355677
henkilötunnus,NOUN,Negative,-2.2473052463844487
henkinen,ADJ,Positive,2.0194812943104528
herkku,NOUN,Positive,6.05190277200283
herkullinen,ADJ,Positive,6.647512516923495
herkutella,VERB,Positive,2.807977189116741
hieman,ADV,Positive,2.8624935634850495
hieno,ADJ,Positive,3.7880317787052404
hienostaa,VERB,Positive,5.164531627113735
hienosti,ADV,Positive,3.4180306708007273
hienosäätö,NOUN,Positive,2.0194812943104528
hieronta,NOUN,Positive,2.2604893938142476
hiki,NOUN,Positive,4.57127693109641
hiljainen,ADJ,Positive,5.525833960335242
hiljattain,ADV,Positive,2.3674045977307596
hinta,NOUN,Positive,2.9863144303752533
hintainen,ADJ,Positive,2.4426927250349966
hintalaatusuhde,NOUN,Positive,3.083611631730168
hintalappu,NOUN,Negative,-3.024912825048001
hintataso,NOUN,Positive,4.067844315871851
hintava,ADJ,Positive,4.405539726617531
hintavertailu,NOUN,Positive,2.8819777705605176
hioa,VERB,Positive,2.3674045977307596
hissi,NOUN,Positive,4.490787013236042
historiallinen,ADJ,Positive,3.0194812943104528
hitunen,NOUN,Positive,3.083611631730168
hiukan,ADV,Positive,3.3753097958161056
hius,NOUN,Positive,3.1450121763943115
hiven,NOUN,Positive,2.8819777705605176
hoitua,VERB,Positive,3.9483202653892135
homma,NOUN,Positive,2.7052280147797823
hotelli,NOUN,Positive,2.8863429631219195
hotellihuone,NOUN,Positive,2.1569848180603874
houkutella,VERB,Positive,3.2970152698393616
houkuttua,VERB,Positive,2.4669402712816737
huijari,NOUN,Negative,-4.963512280383857
huijata,VERB,Negative,-2.954523497156603
huijaus,NOUN,Negative,-3.6378897019387537
huikea,ADJ,Positive,4.067844315871851
huippu,NOUN,Positive,5.665958184244313
huippuhyvä,ADJ,Positive,2.9523670984519157
huippuluokka,NOUN,Positive,4.260489393814248
huippupaikka,NOUN,Positive,2.0194812943104528
huipputuote,NOUN,Positive,2.8819777705605176
hukata,VERB,Negative,-2.8549878236056885
hulppea,ADJ,Positive,2.4669402712816737
huokea,ADJ,Positive,4.083611631730168
huolellinen,ADJ,Positive,2.5142459860600304
huolellisuus,NOUN,Negative,-2.2473052463844487
huolenpito,NOUN,Positive,2.4669402712816737
huoleton,ADJ,Positive,2.4669402712816737
huoletta,ADV,Positive,2.2604893938142476
huomaavainen,ADJ,Positive,2.5600496756731554
huomauttaa,VERB,Positive,2.1146385273507926
huomautus,NOUN,Negative,-2.024912825048001
huone,NOUN,Positive,2.2604893938142476
huoneisto,NOUN,Positive,4.917601680291239
huonekalu,NOUN,Positive,2.3674045977307596
huonolaatuinen,ADJ,Negative,-3.221310037851504
huuhaa,NOUN,Negative,-3.024912825048001
huulipuna,NOUN,Positive,2.0194812943104528
huumori,NOUN,Positive,3.1450121763943115
hyvin,ADV,Positive,3.9066505026846685
hyvä,ADJ,Positive,4.262457715262147
hyväksyttää,VERB,Negative,-3.609875325769157
hyväkuntoinen,ADJ,Positive,4.36740459773076
hyvälaatuinen,ADJ,Positive,3.0934818757542293
hyvänlaatuinen,ADJ,Positive,4.689332692618121
hyvänmakuinen,ADJ,Positive,2.4669402712816737
hyvännäköinen,ADJ,Positive,3.1146385273507926
hyvätasoinen,ADJ,Positive,2.5600496756731554
hyödytön,ADJ,Negative,-3.2473052463844487
häiritä,VERB,Positive,2.5956735854038766
hämmästyttävä,ADJ,Positive,2.6475125169234945
hävettää,VERB,Negative,-3.4399503243268446
idyllinen,ADJ,Positive,4.392939689837897
ihailla,VERB,Positive,4.083611631730168
ihana,ADJ,Positive,5.617303006345468
ihanasti,ADV,Positive,2.9523670984519157
ihastella,VERB,Positive,2.7299746771154676
ihastua,VERB,Positive,4.083611631730168
ihmetys,NOUN,Positive,3.1450121763943115
ihonhoito,NOUN,Positive,2.1450121763943115
ikionnellinen,ADJ,Positive,2.6475125169234945
ikkuna,NOUN,Positive,2.1649117338320165
ikuisuus,NOUN,Negative,-2.3468409199353633
ikäinen,ADJ,Positive,3.9523670984519157
ilahduttaa,VERB,Positive,2.9900375164179707
ilahtua,VERB,Positive,3.99467790330988
iljettää,VERB,Negative,-2.024912825048001
illallinen,ADJ,Positive,4.083611631730168
ilmapiiri,NOUN,Positive,4.442692725034997
ilmastointi,NOUN,Positive,5.002993171521884
ilo,NOUN,Positive,3.4159563425628687
iloita,VERB,Positive,2.2604893938142476
in,ADV,Positive,2.2970152698393616
informaatio,NOUN,Positive,2.1043701918969657
informatiivinen,ADJ,Positive,3.3149371778366237
innostua,VERB,Positive,3.604443795031609
into,NOUN,Positive,2.1450121763943115
irtisanoa,VERB,Negative,-2.609875325769157
iskeä,VERB,Positive,3.0194812943104528
isovanhemmat,NOUN,Positive,2.4669402712816737
istua,VERB,Positive,2.8187839440733233
istuinpaikka,NOUN,Positive,2.6475125169234945
istumapaikka,NOUN,Positive,2.0411763654097714
istuskella,VERB,Positive,3.1450121763943115
istutus,NOUN,Negative,-2.6623427456632927
it,NOUN,Positive,2.5296760266296365
italia,NOUN,Positive,3.3149371778366237
itsekseen,PRON,Negative,-2.4399503243268446
itsepalvelu,NOUN,Positive,2.5600496756731554
itseä,PRON,Positive,2.0194812943104528
ja,CONJ,Positive,2.0196919682361902
jalka,NOUN,Positive,2.5530969150313885
jalkatila,NOUN,Positive,5.709796795177837
jaotella,VERB,Positive,2.1450121763943115
jarrupala,NOUN,Negative,-2.3659497428830676
jarrusukka,NOUN,Positive,2.1450121763943115
jatkossa,ADV,Positive,2.7299746771154676
jatkoyhteys,NOUN,Positive,2.1450121763943115
jauhe,NOUN,Positive,3.807977189116741
jees,INTJ,Positive,3.306004053066616
jes,INTJ,Positive,2.807977189116741
joki,NOUN,Positive,4.969440611810857
jokiranta,NOUN,Positive,2.807977189116741
jollainen,ADJ,Positive,2.5600496756731554
joskin,ADV,Positive,2.7772803918938243
jouheasti,ADV,Positive,2.0194812943104528
jouheva,ADJ,Positive,2.604443795031609
jouluostos,NOUN,Positive,2.3674045977307596
joustaa,VERB,Positive,3.5803983210649575
joutua,AUX,Negative,-2.0920270209065377
joutuisasti,ADV,Positive,2.7299746771154676
juhlistaa,VERB,Positive,2.2604893938142476
juna,NOUN,Positive,4.521981634839635
juoda,VERB,Positive,4.833068170079571
juoksu,NOUN,Positive,2.2604893938142476
juoma,NOUN,Positive,3.668574132451324
just,ADV,Positive,2.3929396898378967
juuri,NOUN,Positive,2.3674045977307596
juusto,NOUN,Positive,3.917601680291239
juustokakku,NOUN,Positive,2.8819777705605176
jäljiltä,ADV,Positive,2.3674045977307596
jälkiruoka,NOUN,Positive,4.36740459773076
jämpti,ADJ,Positive,2.6475125169234945
jämäkkä,ADJ,Positive,2.8819777705605176
jännittää,VERB,Positive,3.4508206059183966
järjestelmäkamera,NOUN,Negative,-4.247305246384449
järjestely,NOUN,Positive,2.4508206059183966
järjestetty,ADJ,Positive,2.689332692618122
järjestyä,VERB,Positive,2.3674045977307596
järjestäjä,NOUN,Positive,2.3674045977307596
järvi,NOUN,Positive,3.6475125169234945
järvimaisema,NOUN,Positive,2.2604893938142476
jäätelö,NOUN,Positive,4.582417488701609
jäätelöannos,NOUN,Positive,2.2604893938142476
kaakao,NOUN,Positive,2.9523670984519157
kaamea,ADJ,Negative,-2.761878419214207
kaappi,NOUN,Positive,2.3149371778366237
kaasuttaa,VERB,Negative,-2.761878419214207
kade,ADJ,Negative,-2.2473052463844487
kadoksissa,ADV,Negative,-4.247305246384449
kadottaa,VERB,Negative,-2.024912825048001
kahve,NOUN,Positive,3.4669402712816737
kahvi,NOUN,Positive,7.408672616102494
kahvila,NOUN,Positive,8.695758961777555
kahvileipä,NOUN,Positive,2.1450121763943115
kahvio,NOUN,Positive,2.3674045977307596
kahvipaikka,NOUN,Positive,3.1450121763943115
kahvitella,VERB,Positive,2.7299746771154676
kaikin,ADV,Positive,4.881977770560518
kaikkein,ADV,Positive,2.498649131009012
kaikki,PRON,Positive,2.71650459016614
kaivattaa,VERB,Positive,3.032537447135899
kakku,NOUN,Positive,4.08987062220185
kakkupala,NOUN,Positive,3.4180306708007273
kaltainen,ADJ,Positive,2.5142459860600304
kaluste,NOUN,Positive,2.807977189116741
kampe,NOUN,Positive,2.7299746771154676
kamppi,NOUN,Positive,2.7299746771154676
kaneli,NOUN,Positive,2.1450121763943115
kanna,NOUN,Positive,2.1043701918969657
kannu,NOUN,Positive,2.0194812943104528
kannustaa,VERB,Positive,2.3674045977307596
kapteeni,NOUN,Positive,3.2604893938142476
karhu,NOUN,Negative,-3.024912825048001
karhukirje,NOUN,Negative,-4.024912825048001
karhuta,VERB,Negative,-2.4399503243268446
karjalanpiirakka,NOUN,Positive,2.5600496756731554
karkki,NOUN,Positive,2.3674045977307596
karmia,VERB,Negative,-3.024912825048001
karsia,VERB,Positive,2.1450121763943115
kartano,NOUN,Positive,5.0357831066395535
kartanorakennus,NOUN,Positive,2.0194812943104528
karva,NOUN,Positive,2.4669402712816737
kasetti,NOUN,Negative,-2.024912825048001
kastike,NOUN,Positive,2.2604893938142476
kasvis,NOUN,Positive,2.7299746771154676
katastrofi,NOUN,Negative,-2.4399503243268446
kate,NOUN,Negative,-2.5468655282433565
katettu,ADJ,Positive,2.3674045977307596
katsastus,NOUN,Negative,-3.899381942964142
katse,NOUN,Positive,2.4669402712816737
kattaa,VERB,Positive,4.729974677115468
katteeton,ADJ,Negative,-4.899381942964142
katu,NOUN,Positive,2.917601680291239
kauemmaksi,ADV,Positive,2.1450121763943115
kauempana,ADV,Positive,3.3149371778366237
kaukainen,ADJ,Positive,2.4669402712816737
kauniisti,ADV,Positive,4.749874234553173
kaunis,ADJ,Positive,4.4133592310768295
kaupankäynti,NOUN,Positive,4.334836735274329
kaupanteko,NOUN,Positive,2.5855847677802926
kauppakeskus,NOUN,Positive,2.5600496756731554
kauppakumppani,NOUN,Positive,3.4669402712816737
kauppatori,NOUN,Positive,2.4669402712816737
kaupunginosa,NOUN,Negative,-2.1769159184930507
kaupunki,NOUN,Positive,3.0791242407378543
kaupunkiloma,NOUN,Positive,3.9863144303752533
kaveri,NOUN,Positive,2.1164430241975407
kehittyä,VERB,Positive,2.6475125169234945
kehittävä,ADJ,Positive,2.1450121763943115
kehottaa,VERB,Negative,-2.30244680057691
kehystää,VERB,Negative,-2.761878419214207
keidas,NOUN,Positive,2.3674045977307596
keitto,NOUN,Positive,4.729974677115468
keksi,NOUN,Positive,2.3149371778366237
keksintö,NOUN,Positive,2.5600496756731554
keliaakikko,NOUN,Positive,2.1450121763943115
kelpo,ADJ,Positive,4.083611631730168
kelvoton,ADJ,Negative,-2.899381942964142
kenkäkauppa,NOUN,Positive,4.769503041302105
kenttä,NOUN,Positive,2.075406708908445
kerkeä,ADJ,Negative,-2.1769159184930507
kermavaahto,NOUN,Positive,3.3674045977307596
kerrassaan,ADV,Positive,4.019481294310452
kerros,NOUN,Positive,5.2465502028563735
keskeinen,ADJ,Positive,3.278867923129102
keskelle,ADP,Positive,2.6475125169234945
keskitaso,NOUN,Positive,2.2604893938142476
keskittyä,VERB,Positive,3.083611631730168
keskiverto,NOUN,Positive,2.4669402712816737
keskusta,NOUN,Positive,3.4572901012479544
kesä,NOUN,Positive,2.5555341945506624
kesäinen,ADJ,Positive,3.4180306708007273
kettu,NOUN,Negative,-2.4399503243268446
kevyt,ADJ,Positive,2.4180306708007273
kevät,NOUN,Positive,2.807977189116741
kielitaitoinen,ADJ,Positive,2.2604893938142476
kierrellä,VERB,Positive,2.3149371778366237
kiireetön,ADJ,Positive,2.3674045977307596
kiitettävä,ADJ,Positive,4.504908121480694
kiitettävästi,ADV,Positive,4.354465542023261
kiitollinen,ADJ,Positive,2.083611631730168
kiitos,NOUN,Positive,2.6475125169234945
kiitti,ADV,Positive,2.168858918348679
kilpailu,NOUN,Positive,2.2230146883955846
kilpailukykyinen,ADJ,Positive,4.749874234553173
kilpailuttaa,VERB,Positive,2.4669402712816737
kimppu,NOUN,Positive,2.0194812943104528
kipeä,ADJ,Positive,2.807977189116741
kipu,NOUN,Positive,3.2604893938142476
kirjanen,NOUN,Positive,2.0194812943104528
kirpaista,VERB,Positive,2.3674045977307596
kiskuri,NOUN,Negative,-2.2473052463844487
kissa,NOUN,Positive,2.401351929654097
kitkattomasti,ADV,Positive,2.4669402712816737
kiva,ADJ,Positive,2.522793506015191
kivasti,ADV,Positive,3.93508910702008
kivuton,ADJ,Positive,2.807977189116741
kivuttomasti,ADV,Positive,2.498649131009012
klassikko,NOUN,Positive,3.604443795031609
klassinen,ADJ,Positive,2.6475125169234945
klik,INTJ,Positive,2.0194812943104528
kodikas,ADJ,Positive,3.689332692618122
kohde,NOUN,Positive,2.7888683661690363
kohta,NOUN,Positive,2.6178331722587878
kohteliaasti,ADV,Positive,2.2604893938142476
kohtuu,NOUN,Positive,3.4789129129477496
kohtuuhinta,NOUN,Positive,4.863830423850258
kohtuuhintainen,ADJ,Positive,3.4426927250349966
kohtuullinen,ADJ,Positive,2.8599514642305186
kohtuuton,ADJ,Negative,-2.1769159184930507
koira,NOUN,Positive,2.3929396898378967
kokeilla,VERB,Positive,2.383584524786194
kokeilu,NOUN,Positive,3.232475017644651
kokemus,NOUN,Positive,2.0707318944764346
kokki,NOUN,Positive,2.5600496756731554
kokolattiamatto,NOUN,Positive,2.9523670984519157
kokonainen,ADJ,Positive,2.2825157001442467
kokonaisuus,NOUN,Positive,2.741379440387717
kokous,NOUN,Positive,2.5296760266296365
kokoustila,NOUN,Positive,2.2604893938142476
kolikko,NOUN,Positive,2.7299746771154676
kolkko,ADJ,Positive,2.4669402712816737
kollega,NOUN,Positive,2.9523670984519157
kolminkertainen,ADJ,Negative,-3.024912825048001
komea,ADJ,Positive,2.2230146883955846
konditoria,NOUN,Positive,3.5142459860600304
kone,NOUN,Positive,2.2201996727885307
konsepti,NOUN,Positive,3.184540540580949
konvehti,NOUN,Positive,2.7299746771154676
korkeahko,ADJ,Positive,3.689332692618122
korkealaatuinen,ADJ,Positive,2.0194812943104528
korkealuokkainen,ADJ,Positive,2.0194812943104528
korkeatasoinen,ADJ,Positive,2.9523670984519157
korkeus,NOUN,Positive,2.5142459860600304
korte,NOUN,Negative,-2.024912825048001
kortteli,NOUN,Positive,2.2604893938142476
korvapuusti,NOUN,Positive,5.099208486781187
kosmetiikka,NOUN,Positive,3.5142459860600304
koti,NOUN,Positive,3.194255695414161
kotiin,ADV,Positive,2.1450121763943115
kotimainen,ADJ,Positive,3.1043701918969657
kotiovi,NOUN,Positive,4.3343974918424415
kotipiha,NOUN,Positive,2.9523670984519157
kotka,NOUN,Negative,-2.2473052463844487
kreikka,NOUN,Positive,2.3674045977307596
kruuna,NOUN,Positive,3.2039058654478803
krypto,NOUN,Positive,2.6475125169234945
kudottu,ADJ,Positive,2.4669402712816737
kuihtua,VERB,Negative,-5.527413165577184
kuittaus,NOUN,Positive,2.1450121763943115
kuja,NOUN,Negative,-2.1769159184930507
kukkalaite,NOUN,Positive,4.93508910702008
kukkalähetys,NOUN,Positive,2.1980395400334496
kukkanen,NOUN,Positive,3.7952661373671868
kukkaro,NOUN,Positive,2.8819777705605176
kukkatervehdys,NOUN,Positive,5.47891291294775
kukkavihko,NOUN,Positive,2.0194812943104528
kukkia,VERB,Positive,2.496234578075712
kulahtaa,VERB,Positive,2.3674045977307596
kuljetusyritys,NOUN,Negative,-2.314419442242986
kulmahuone,NOUN,Positive,2.0194812943104528
kuluttaja,NOUN,Negative,-4.247305246384449
kuluttajansuoja,NOUN,Negative,-4.247305246384449
kumarrus,NOUN,Positive,2.6475125169234945
kummitäti,NOUN,Positive,2.2604893938142476
kumppari,NOUN,Positive,2.2604893938142476
kunnioittaa,VERB,Positive,2.0194812943104528
kunnossa,ADV,Positive,2.0701073673804204
kunnostaa,VERB,Positive,2.3674045977307596
kuntosali,NOUN,Positive,5.099208486781187
kuohuviini,NOUN,Positive,2.5600496756731554
kuopia,VERB,Positive,2.4669402712816737
kuosi,NOUN,Positive,3.604443795031609
kupee,NOUN,Positive,2.1450121763943115
kurja,ADJ,Negative,-2.024912825048001
kurkku,NOUN,Positive,2.1450121763943115
kurssi,NOUN,Positive,2.807977189116741
kusee,VERB,Negative,-2.1769159184930507
kusettaa,VERB,Negative,-2.4399503243268446
kustannus,NOUN,Negative,-2.024912825048001
kuten,ADV,Positive,2.72672169932038
kuti,NOUN,Positive,2.3674045977307596
kuukausittain,ADV,Negative,-2.4399503243268446
kuulu,ADJ,Negative,-2.598379686931328
kuuluisa,ADJ,Positive,2.7299746771154676
kuulutus,NOUN,Positive,2.8819777705605176
kuuma,ADJ,Positive,3.969440611810857
kuvailla,VERB,Positive,2.1043701918969657
kuvailu,NOUN,Positive,2.1450121763943115
kuvastaa,VERB,Negative,-2.761878419214207
kuvata,VERB,Positive,2.0339808640055677
kuvaus,NOUN,Positive,2.2604893938142476
kylmä,ADJ,Positive,3.4508206059183966
kylppäri,NOUN,Positive,2.5600496756731554
kylpyamme,NOUN,Positive,3.604443795031609
kylpyhuone,NOUN,Positive,4.93508910702008
kylpylä,NOUN,Positive,7.344684521230676
kylpylähotelli,NOUN,Positive,3.769503041302105
kylpytakki,NOUN,Positive,3.1450121763943115
kyseenalainen,ADJ,Negative,-4.024912825048001
känny,NOUN,Positive,2.2970152698393616
kärki,NOUN,Positive,2.0194812943104528
kärry,NOUN,Positive,2.7299746771154676
kärsivällinen,ADJ,Positive,2.083611631730168
käsimatkatavara,NOUN,Positive,2.3674045977307596
käsittelyaika,NOUN,Positive,3.2039058654478803
käsittelymaksu,NOUN,Negative,-2.1769159184930507
käsityö,NOUN,Positive,2.083611631730168
käskeä,VERB,Negative,-2.30244680057691
käteinen,ADJ,Positive,2.2970152698393616
kätevä,ADJ,Positive,4.6628604812569305
kätevästi,ADV,Positive,5.694475995894082
kävellä,VERB,Positive,2.352607595802679
kävely,NOUN,Positive,2.807977189116741
kävelylenkki,NOUN,Positive,2.0194812943104528
kävelymatka,NOUN,Positive,4.232475017644651
käyttäjäystävällinen,ADJ,Positive,3.5600496756731554
käyttää,VERB,Positive,2.0194812943104528
käyttökelvoton,ADJ,Negative,-2.4399503243268446
käyttöohje,NOUN,Positive,2.3149371778366237
käytännöllinen,ADJ,Positive,2.8819777705605176
käänne,NOUN,Positive,2.0194812943104528
kääntyä,VERB,Positive,2.1450121763943115
laadukas,ADJ,Positive,5.124675538468527
laadukkaasti,ADV,Positive,2.7299746771154676
laaduton,ADJ,Negative,-4.024912825048001
laaja,ADJ,Positive,5.692420874405692
laajasti,ADV,Positive,2.7299746771154676
laajentaa,VERB,Positive,3.917601680291239
laari,NOUN,Positive,2.1450121763943115
laatia,VERB,Positive,2.6475125169234945
laatumerkki,NOUN,Positive,2.3674045977307596
laatutavara,NOUN,Positive,4.05190277200283
laatutuote,NOUN,Positive,4.863830423850258
lahti,NOUN,Positive,3.5600496756731554
lain,ADV,Negative,-2.6623427456632927
lainahakemus,NOUN,Positive,2.498649131009012
laita,NOUN,Positive,3.2604893938142476
laittaa,VERB,Negative,-3.2473052463844487
laitteisto,NOUN,Positive,2.7299746771154676
lakana,NOUN,Positive,2.5600496756731554
lakastua,VERB,Negative,-2.1769159184930507
lappi,NOUN,Positive,2.4180306708007273
lapsiperhe,NOUN,Positive,3.863830423850258
lapsiystävällinen,ADJ,Positive,2.2604893938142476
laskelma,NOUN,Negative,-3.024912825048001
lasketella,VERB,Positive,2.4669402712816737
laskeutua,VERB,Positive,2.917601680291239
lastenlapsi,NOUN,Positive,2.807977189116741
lauta,NOUN,Positive,3.2039058654478803
lavuaari,NOUN,Positive,2.3674045977307596
lei,NOUN,Positive,3.083611631730168
leikkele,NOUN,Positive,2.1450121763943115
leikkipaikka,NOUN,Positive,2.8819777705605176
leipoa,VERB,Positive,2.604443795031609
leipomo,NOUN,Positive,3.4180306708007273
leipä,NOUN,Positive,5.658081758633682
leivo,NOUN,Positive,2.1450121763943115
leivonnainen,NOUN,Positive,6.543043250367465
leivos,NOUN,Positive,5.114638527350793
lemmikki,NOUN,Positive,2.9523670984519157
lempi,NOUN,Positive,2.8819777705605176
lemppari,NOUN,Positive,2.4669402712816737
lentoasema,NOUN,Positive,2.2604893938142476
lentoemo,NOUN,Positive,2.4669402712816737
lentoemäntä,NOUN,Positive,4.418030670800728
lentokone,NOUN,Positive,3.4426927250349966
lentomatka,NOUN,Positive,2.0380969724777995
lentoyhteys,NOUN,Positive,2.4669402712816737
lentäjä,NOUN,Positive,2.5600496756731554
lentäminen,NOUN,Positive,2.4669402712816737
lentävä,ADJ,Positive,2.1450121763943115
lentää,VERB,Positive,2.887976511181961
leppoisa,ADJ,Positive,3.3149371778366237
levitellä,VERB,Negative,-2.1769159184930507
levittää,VERB,Positive,2.1450121763943115
liene,ADV,Positive,2.2604893938142476
liha,NOUN,Positive,2.3674045977307596
liikenne,NOUN,Positive,2.2970152698393616
liikuttua,VERB,Positive,2.8819777705605176
liisteri,NOUN,Positive,3.1146385273507926
lila,ADJ,Negative,-3.2473052463844487
linna,NOUN,Positive,2.4669402712816737
linnoittua,VERB,Positive,2.0194812943104528
lisuke,NOUN,Positive,2.8819777705605176
lisäpiste,NOUN,Positive,2.1450121763943115
lisättävä,ADJ,Positive,2.1043701918969657
lisävaruste,NOUN,Positive,2.7299746771154676
litra,NOUN,Negative,-2.8549878236056885
liukumäki,NOUN,Positive,2.6475125169234945
lohi,NOUN,Positive,3.2039058654478803
lohikeitto,NOUN,Positive,2.3674045977307596
loistaa,VERB,Positive,5.8481693469133225
loistava,ADJ,Positive,2.0194812943104528
loisto,NOUN,Positive,4.881977770560518
loka,NOUN,Negative,-2.1769159184930507
loma,NOUN,Positive,2.699113713410707
lomailu,NOUN,Positive,2.0194812943104528
lomakohde,NOUN,Positive,2.9523670984519157
lompakko,NOUN,Positive,2.2121263722528486
looginen,ADJ,Positive,3.232475017644651
loppu,ADJ,Negative,-2.761878419214207
lounas,NOUN,Positive,5.496687614675726
lounasaika,NOUN,Positive,2.0194812943104528
luksus,NOUN,Positive,4.019481294310452
lukumäärä,NOUN,Positive,2.2604893938142476
lukuunottamatta,ADP,Positive,3.1146385273507926
luokaton,ADJ,Negative,-3.942450664856028
luomiväri,NOUN,Positive,2.0194812943104528
luonnossa,NOUN,Positive,3.8819777705605176
luonto,NOUN,Positive,2.3674045977307596
luotettava,ADJ,Positive,5.950714715908563
luotettavasti,ADV,Positive,4.099208486781187
luotettavuus,NOUN,Positive,2.8819777705605176
lupailla,VERB,Negative,-2.4399503243268446
luvaton,ADJ,Negative,-2.4399503243268446
luvattu,ADJ,Positive,2.0194812943104528
lyhyellä,ADV,Positive,2.4080465822281054
läheisyydessä,ADV,Positive,3.2039058654478803
lähellä,ADV,Positive,2.2840762141318636
läheltä,ADV,Positive,3.4180306708007273
lähettää,VERB,Negative,-2.609875325769157
lähetyslista,NOUN,Negative,-2.0773802449421366
lähistö,NOUN,Positive,2.9523670984519157
lähtöportti,NOUN,Positive,2.5600496756731554
lähtöselvitys,NOUN,Positive,2.604443795031609
lämmin,ADJ,Positive,5.47891291294775
lämminhenkinen,ADJ,Positive,2.8819777705605176
lämpimästi,ADV,Positive,7.039829939702255
lämpötila,NOUN,Positive,2.1450121763943115
löyly,NOUN,Positive,2.2604893938142476
löysä,ADJ,Positive,2.9207970194510455
löytyä,VERB,Positive,2.1024953442765284
löytäminen,NOUN,Positive,2.2604893938142476
löytää,VERB,Positive,2.452951933002571
löytö,NOUN,Positive,3.232475017644651
maailma,NOUN,Positive,2.2604893938142476
maaseutu,NOUN,Positive,2.9523670984519157
maattaa,VERB,Negative,-2.2473052463844487
madeira,NOUN,Positive,2.4669402712816737
mahtaa,AUX,Positive,3.7752680641218674
mahtava,ADJ,Positive,2.1450121763943115
maija,NOUN,Positive,2.083611631730168
mainio,ADJ,Positive,5.678990748396663
mainiosti,ADV,Positive,4.260489393814248
maisema,NOUN,Positive,5.93508910702008
maistaa,VERB,Positive,3.9523670984519157
maistua,VERB,Positive,4.56754421222008
maito,NOUN,Positive,3.5600496756731554
maittaa,VERB,Positive,4.826836216368057
majoittua,VERB,Positive,4.514245986060031
makea,ADJ,Positive,5.2465502028563735
makkara,NOUN,Positive,4.341409389197815
makoisa,ADJ,Positive,2.4669402712816737
maksaa,VERB,Negative,-2.9253771514970865
maksattaa,VERB,Negative,-2.024912825048001
maksettu,ADJ,Negative,-2.2473052463844487
maksuehto,NOUN,Positive,2.2604893938142476
makuinen,ADJ,Positive,2.8577302243138405
makuuhuone,NOUN,Positive,3.4180306708007273
mallikas,ADJ,Positive,2.807977189116741
mallikkaasti,ADV,Positive,4.749874234553173
mallisto,NOUN,Positive,2.083611631730168
mansikka,NOUN,Positive,2.0194812943104528
matala,ADJ,Positive,2.0194812943104528
materiaali,NOUN,Positive,2.2970152698393616
matkaaja,NOUN,Positive,2.6475125169234945
matkailu,NOUN,Positive,3.2039058654478803
matkakohde,NOUN,Positive,3.604443795031609
matkanteko,NOUN,Positive,2.5600496756731554
matkustaa,VERB,Positive,2.4752795721944034
matkustaja,NOUN,Positive,2.5600496756731554
matkustamo,NOUN,Positive,4.05190277200283
matta,ADJ,Negative,-2.314419442242986
maukas,ADJ,Positive,6.174759519788363
mauton,ADJ,Positive,2.9523670984519157
mehu,NOUN,Positive,3.769503041302105
meikki,NOUN,Positive,2.4345187935892962
meikkivoide,NOUN,Positive,2.2604893938142476
meluisa,ADJ,Positive,2.2604893938142476
mennä,VERB,Negative,-2.1769159184930507
menomatka,NOUN,Positive,2.807977189116741
menu,NOUN,Positive,3.2039058654478803
merenranta,NOUN,Positive,2.1450121763943115
merkkituote,NOUN,Positive,2.2039058654478803
mesta,NOUN,Positive,2.8819777705605176
metro,NOUN,Positive,2.9523670984519157
miehistö,NOUN,Positive,2.807977189116741
mieleenpainuva,ADJ,Positive,2.2604893938142476
mieleinen,ADJ,Positive,2.917601680291239
mielenkiintoinen,ADJ,Positive,2.7952661373671868
mieletön,ADJ,Positive,3.58241748870161
mieli,NOUN,Positive,2.0731192579125257
mielipaha,NOUN,Negative,-3.2473052463844487
mielipidekysely,NOUN,Negative,-3.609875325769157
miellyttävä,ADJ,Positive,5.0940282476755065
miellyttävästi,ADV,Positive,2.2604893938142476
mieluinen,ADJ,Positive,4.067844315871851
mieluisa,ADJ,Positive,4.232475017644651
mihinkään,ADV,Negative,-4.024912825048001
miinus,NOUN,Positive,3.3710802558741575
miinuspuoli,NOUN,Positive,2.5600496756731554
miinustaa,VERB,Positive,2.807977189116741
mikkeli,NOUN,Positive,2.1450121763943115
mikään,PRON,Negative,-3.4399503243268446
miljöö,NOUN,Positive,5.93508910702008
minibaari,NOUN,Positive,2.4669402712816737
mitoittua,VERB,Positive,2.0194812943104528
mitätöidä,VERB,Negative,-2.4399503243268446
moderni,ADJ,Positive,3.8577302243138405
moite,NOUN,Positive,4.881977770560518
moitittava,ADJ,Positive,5.654567274457445
moitteeton,ADJ,Positive,3.5989686649654575
moitteettomasti,ADV,Positive,3.949722377196352
moittia,VERB,Positive,4.582417488701609
monenlainen,ADJ,Positive,4.083611631730168
monesti,ADV,Positive,2.7299746771154676
monipuolinen,ADJ,Positive,5.207108297486224
monipuolisesti,ADV,Positive,3.8454518945354037
monipuolistaa,VERB,Positive,2.604443795031609
monipuolisuus,NOUN,Positive,2.2230146883955846
monivärinen,ADJ,Negative,-3.899381942964142
moro,NOUN,Positive,2.5296760266296365
muistaminen,NOUN,Positive,2.3674045977307596
muisto,NOUN,Positive,2.1747595197883633
muistutus,NOUN,Negative,-2.4254507546317297
muka,ADV,Negative,-3.097062610803836
mukainen,ADJ,Positive,2.20317520195245
mukamas,ADV,Negative,-2.6623427456632927
mukava,ADJ,Positive,4.2465502028563735
mukavasti,ADV,Positive,3.917601680291239
mukavuus,NOUN,Positive,3.0519027720028298
mummi,NOUN,Positive,3.4180306708007273
mummo,NOUN,Positive,2.9523670984519157
munakas,NOUN,Positive,3.9523670984519157
munkki,NOUN,Positive,7.133696863166477
musiikki,NOUN,Positive,2.807977189116741
must,ADV,Positive,2.0194812943104528
mustikka,NOUN,Positive,2.2604893938142476
mustikkamehu,NOUN,Positive,3.083611631730168
mutkaton,ADJ,Positive,5.119745417783881
mutkattomasti,ADV,Positive,4.466940271281674
muumi,NOUN,Positive,2.0194812943104528
muutto,NOUN,Positive,2.3776729331845865
myödä,VERB,Positive,2.1369098578902173
myönteinen,ADJ,Positive,2.4345187935892962
myönteisesti,ADV,Positive,2.3674045977307596
mäntä,NOUN,Negative,-2.287947230881795
mättää,VERB,Negative,-2.793587278941545
mökki,NOUN,Positive,2.4907870132360417
naama,NOUN,Negative,-2.314419442242986
nainen,NOUN,Positive,2.341409389197815
naishenkilö,NOUN,Positive,2.7299746771154676
naistenpäivä,NOUN,Positive,3.083611631730168
nalle,NOUN,Positive,2.2970152698393616
napa,NOUN,Negative,-2.1769159184930507
napata,VERB,Positive,2.2604893938142476
napsahtaa,VERB,Positive,2.807977189116741
nautinnollinen,ADJ,Positive,2.0194812943104528
nautinto,NOUN,Positive,2.4669402712816737
nauttia,VERB,Positive,5.137478503708904
navigoida,VERB,Positive,2.6475125169234945
nega,NOUN,Positive,2.2604893938142476
negatiivi,NOUN,Positive,4.986314430375253
nenä,NOUN,Positive,2.083611631730168
neuvo,NOUN,Positive,2.198650139996385
niinku,ADV,Positive,2.2970152698393616
niinkuin,ADV,Positive,3.5814521524053795
niinkun,ADV,Positive,2.1450121763943115
nimikoida,VERB,Positive,2.2604893938142476
nimikointi,NOUN,Positive,3.2879701302363546
nimilappu,NOUN,Positive,3.4426927250349966
noh,INTJ,Negative,-2.4399503243268446
nojatuoli,NOUN,Positive,2.1450121763943115
noo,INTJ,Positive,2.0194812943104528
nopea,ADJ,Positive,3.5142459860600304
nopeahko,ADJ,Positive,3.58241748870161
nopeasti,ADV,Positive,2.0194812943104528
nopeus,NOUN,Positive,2.17672103612165
nopeuttaa,VERB,Positive,2.0194812943104528
nopsa,ADJ,Positive,4.647512516923495
normaalihintainen,ADJ,Negative,-2.2473052463844487
noteerata,VERB,Negative,-2.024912825048001
nousu,NOUN,Positive,4.490787013236042
nukkua,VERB,Positive,2.741379440387717
nuorekas,ADJ,Positive,3.2604893938142476
nuori,ADJ,Positive,3.2039058654478803
nuotio,NOUN,Positive,2.8819777705605176
nurkka,NOUN,Positive,2.807977189116741
nykyaikainen,ADJ,Positive,2.2230146883955846
nykyisin,ADV,Positive,2.9523670984519157
nykymaailma,NOUN,Negative,-2.4399503243268446
nähtävyys,NOUN,Positive,3.7299746771154676
näkymä,NOUN,Positive,4.126864829684052
näkyvillä,ADV,Positive,3.083611631730168
näkyä,VERB,Negative,-3.2473052463844487
näköala,NOUN,Positive,6.083611631730168
näkökulma,NOUN,Positive,2.0194812943104528
näkötorni,NOUN,Positive,4.466940271281674
nälkä,NOUN,Positive,4.05190277200283
näppärä,ADJ,Positive,3.083611631730168
näppärästi,ADV,Positive,3.5934726772106056
nätisti,ADV,Positive,2.5600496756731554
nätti,ADJ,Positive,2.0194812943104528
odotetusti,ADV,Positive,4.145012176394311
odotus,NOUN,Positive,2.545150799293817
oheinen,ADJ,Positive,2.4669402712816737
ohella,ADP,Positive,2.0194812943104528
oikea,ADJ,Positive,2.843689285836144
oikeanlainen,ADJ,Positive,2.7772803918938243
oikee,ADJ,Positive,2.0710115949505346
oivallinen,ADJ,Positive,3.1450121763943115
oja,NOUN,Positive,3.354465542023261
ojentaa,VERB,Positive,2.0194812943104528
oka,NOUN,Positive,3.3149371778366237
olematon,ADJ,Negative,-2.276451592043965
olka,NOUN,Negative,-3.527413165577184
olohuone,NOUN,Positive,3.1450121763943115
olut,NOUN,Positive,4.466940271281674
omainen,ADJ,Positive,2.4180306708007273
omanlainen,NOUN,Positive,2.1450121763943115
omatoiminen,ADJ,Positive,2.1450121763943115
omena,NOUN,Positive,2.0194812943104528
ongelmaton,ADJ,Positive,3.4180306708007273
onnellinen,ADJ,Positive,3.083611631730168
onnellisuus,NOUN,Negative,-2.4399503243268446
onneton,ADJ,Negative,-2.387482904432709
onnistua,VERB,Positive,2.1450121763943115
onnittelu,NOUN,Positive,2.083611631730168
opas,NOUN,Positive,2.9523670984519157
opaste,NOUN,Positive,3.0194812943104528
opastus,NOUN,Positive,4.442692725034997
optio,NOUN,Positive,2.3674045977307596
oranssi,ADJ,Negative,-2.024912825048001
osaaminen,NOUN,Positive,2.807977189116741
osaava,ADJ,Positive,3.346646037563962
osanen,NOUN,Positive,2.5373295991730718
osanotto,NOUN,Positive,3.917601680291239
osasto,NOUN,Positive,3.0678443158718514
ostella,VERB,Positive,2.6475125169234945
paahtimo,NOUN,Positive,2.6475125169234945
paikka,NOUN,Positive,2.21826115842495
paikkakunta,NOUN,Positive,2.0787784779942244
paistaa,VERB,Positive,2.8268362163680565
paisto,NOUN,Positive,2.2230146883955846
pakettimatka,NOUN,Positive,2.3674045977307596
palautus,NOUN,Negative,-2.761878419214207
palautuva,ADJ,Negative,-2.4399503243268446
paleltua,VERB,Negative,-2.761878419214207
paletti,NOUN,Positive,2.5600496756731554
paljastaa,VERB,Negative,-2.4399503243268446
palkita,VERB,Positive,2.807977189116741
palvella,VERB,Positive,2.1164430241975407
palvelu,NOUN,Positive,2.3674045977307596
palvelualtis,ADJ,Positive,3.7299746771154676
palvelualttius,NOUN,Positive,2.807977189116741
palveluhenkinen,ADJ,Positive,2.8819777705605176
palvelumuoto,NOUN,Positive,2.807977189116741
palvelus,NOUN,Positive,2.4669402712816737
palvelutaso,NOUN,Positive,2.3674045977307596
pamahtaa,VERB,Negative,-2.024912825048001
pankkisiirto,NOUN,Positive,2.0194812943104528
papu,NOUN,Positive,2.5600496756731554
papukaija,NOUN,Positive,2.2604893938142476
para,NOUN,Positive,3.791004110513027
parannella,VERB,Positive,2.0194812943104528
parannusehdotus,NOUN,Positive,3.0194812943104528
parantaa,VERB,Positive,2.360025067365162
paras,ADJ,Positive,4.505168324392553
parhain,ADJ,Positive,3.0678443158718514
parhaiten,ADV,Positive,2.8819777705605176
pariskunta,NOUN,Positive,3.9863144303752533
parkki,NOUN,Positive,4.466940271281674
parkkihalli,NOUN,Positive,3.3929396898378967
parkkimaksu,NOUN,Positive,2.1450121763943115
parkkipaikka,NOUN,Positive,3.2970152698393616
parveke,NOUN,Positive,3.9523670984519157
paska,ADJ,Negative,-4.899381942964142
pdf,NOUN,Negative,-2.7029847301606384
peitto,NOUN,Positive,3.2039058654478803
peittävä,ADJ,Negative,-3.024912825048001
pekoni,NOUN,Positive,3.083611631730168
pelastaa,VERB,Positive,3.0678443158718514
pelastua,VERB,Positive,3.3674045977307596
pelata,VERB,Positive,3.4141988092097004
pelittää,VERB,Positive,2.2121263722528486
pelko,ADJ,Positive,2.8819777705605176
pelleily,NOUN,Negative,-2.1769159184930507
pelätä,VERB,Positive,2.6475125169234945
penkki,NOUN,Positive,3.3844781110897006
perhe,NOUN,Positive,2.604443795031609
perheenjäsen,NOUN,Positive,2.1450121763943115
perhehotelli,NOUN,Positive,2.1450121763943115
perimä,NOUN,Negative,-2.761878419214207
perinteikäs,ADJ,Positive,2.1450121763943115
perinteinen,ADJ,Positive,2.0194812943104528
perintä,NOUN,Negative,-2.5774538480767797
peritty,ADJ,Negative,-2.4399503243268446
perjantai,NOUN,Positive,2.0194812943104528
perse,NOUN,Negative,-3.832267747105605
persoonallinen,ADJ,Positive,4.604443795031608
perus,NOUN,Positive,3.026749294774492
perustaa,VERB,Positive,3.0194812943104528
perustaso,NOUN,Positive,3.3149371778366237
perusteellinen,ADJ,Positive,2.0194812943104528
peruutettu,ADJ,Negative,-3.761878419214207
perätä,VERB,Negative,-2.761878419214207
pesukone,NOUN,Positive,2.0194812943104528
petos,NOUN,Negative,-3.2473052463844487
pettynyt,ADJ,Negative,-3.298530569739622
pettämätön,ADJ,Positive,2.0194812943104528
peukku,NOUN,Positive,4.260489393814248
pidin,NOUN,Positive,2.852831424901001
pielessä,ADV,Negative,-3.1403900424679367
pienehkö,ADJ,Positive,2.0519027720028298
piipahtaa,VERB,Positive,3.5142459860600304
piirakka,NOUN,Positive,3.689332692618122
piiras,NOUN,Positive,2.8819777705605176
pikkainen,ADJ,Positive,2.1450121763943115
pikkunen,ADJ,Positive,2.1450121763943115
pikkupurtava,NOUN,Positive,2.1450121763943115
pikkuraha,NOUN,Positive,2.0194812943104528
pila,ADJ,Negative,-2.2593780786850237
pilaantua,VERB,Negative,-2.6623427456632927
pioni,NOUN,Negative,-4.609875325769157
piristys,NOUN,Positive,3.2039058654478803
piristää,VERB,Positive,3.4669402712816737
pirteä,ADJ,Positive,3.604443795031609
pistäytyä,VERB,Positive,3.083611631730168
pitkähkö,ADJ,Positive,2.0194812943104528
pitkälti,ADV,Positive,2.0194812943104528
pituus,NOUN,Positive,2.124834294456681
pitää,AUX,Positive,2.6475125169234945
pizza,NOUN,Positive,3.1450121763943115
plussa,NOUN,Positive,3.1577072492426788
plussata,VERB,Positive,2.4180306708007273
pohjanoteeraus,NOUN,Negative,-3.4399503243268446
pohje,NOUN,Positive,3.1450121763943115
poikki,ADV,Negative,-3.024912825048001
poimia,VERB,Positive,2.1450121763943115
poliisi,NOUN,Negative,-2.4399503243268446
polkupyörä,NOUN,Positive,2.8819777705605176
pommittaa,VERB,Negative,-2.1769159184930507
poreallas,NOUN,Positive,3.0194812943104528
porkkana,NOUN,Positive,2.807977189116741
poro,NOUN,Positive,2.2604893938142476
porukka,NOUN,Positive,3.159962517860283
positiivinen,ADJ,Positive,3.7488337043667834
postilaatikko,NOUN,Positive,2.7490835000631724
postiluukku,NOUN,Positive,4.159962517860283
postiosoite,NOUN,Negative,-2.024912825048001
potkurikone,NOUN,Positive,2.1450121763943115
priima,ADJ,Positive,3.4669402712816737
printteri,NOUN,Negative,-2.761878419214207
proteiini,NOUN,Positive,2.3674045977307596
pudonnut,ADJ,Negative,-2.1180222294394824
puhdas,ADJ,Positive,3.1450121763943115
puisto,NOUN,Positive,3.7299746771154676
pukeutua,VERB,Positive,2.9523670984519157
pukuhuone,NOUN,Positive,2.807977189116741
pulla,NOUN,Positive,5.341409389197815
pulma,NOUN,Positive,2.807977189116741
puolipäivä,NOUN,Negative,-2.4399503243268446
puoliso,NOUN,Positive,2.4669402712816737
puoti,NOUN,Positive,2.4669402712816737
puristaa,VERB,Positive,2.1450121763943115
purkka,NOUN,Positive,2.1450121763943115
purra,VERB,Positive,2.8819777705605176
puuro,NOUN,Positive,3.3674045977307596
puutalo,NOUN,Positive,3.3149371778366237
puutarha,NOUN,Positive,2.4669402712816737
puutos,NOUN,Positive,2.4669402712816737
pystyttää,VERB,Negative,-3.4399503243268446
pysähdys,NOUN,Positive,2.2604893938142476
pysähtyä,VERB,Positive,3.2604893938142476
pysäköinti,NOUN,Positive,4.490787013236042
pähkinä,NOUN,Positive,2.1450121763943115
pähkäillä,VERB,Positive,2.1450121763943115
päiväkahvi,NOUN,Positive,2.0194812943104528
päivätä,VERB,Negative,-2.761878419214207
pätevä,ADJ,Positive,3.0194812943104528
pääasiassa,ADV,Positive,3.2039058654478803
pääosin,ADV,Positive,3.689332692618122
pääruoka,NOUN,Positive,2.5600496756731554
pääsimme,VERB,Positive,3.8819777705605176
pääsivät,VERB,Positive,2.6475125169234945
pääsy,NOUN,Positive,2.689332692618122
päättyä,VERB,Positive,2.5373295991730718
päätös,NOUN,Positive,2.5296760266296365
pöydätä,VERB,Positive,5.002993171521884
pöytä,NOUN,Positive,3.6368652727239863
pöytävaraus,NOUN,Positive,2.3674045977307596
rahastus,NOUN,Negative,-2.2334994468594185
rahatilanne,NOUN,Positive,2.1450121763943115
raikas,ADJ,Positive,3.9863144303752533
raivostuttava,ADJ,Negative,-3.024912825048001
rajallinen,ADJ,Positive,2.1450121763943115
rajoittaa,VERB,Positive,2.1450121763943115
rakeinen,ADJ,Negative,-3.609875325769157
rakennus,NOUN,Positive,5.083611631730168
ranta,NOUN,Positive,4.174759519788363
rapea,ADJ,Positive,2.2604893938142476
rasva,NOUN,Positive,2.0194812943104528
rasvata,VERB,Positive,2.8454518945354037
ratkaisu,NOUN,Positive,2.1649117338320165
rauha,NOUN,Positive,4.454867438981099
rauhallinen,ADJ,Positive,4.496687614675726
rauhoittaa,VERB,Positive,2.807977189116741
rauma,NOUN,Positive,4.145012176394311
rauta,NOUN,Positive,2.2604893938142476
rautatieasema,NOUN,Positive,2.1450121763943115
ravintola,NOUN,Positive,7.304883513172701
reaaliaika,NOUN,Positive,2.0194812943104528
reagointi,NOUN,Positive,3.917601680291239
regatta,NOUN,Positive,3.7299746771154676
reipas,ADJ,Positive,3.1450121763943115
reitti,NOUN,Positive,2.3674045977307596
reittilento,NOUN,Positive,2.4669402712816737
reklamoida,VERB,Negative,-2.609875325769157
remontoida,VERB,Positive,3.3674045977307596
rento,ADJ,Positive,4.749874234553173
rentouttaa,VERB,Positive,4.019481294310452
rentoutua,VERB,Positive,3.6475125169234945
repiä,VERB,Negative,-2.333035120410333
resori,NOUN,Positive,2.5600496756731554
respa,NOUN,Positive,4.145012176394311
retki,NOUN,Positive,3.0194812943104528
retro,NOUN,Positive,2.9523670984519157
riippua,VERB,Positive,2.1277341849624762
riittävä,ADJ,Positive,2.643039040344187
riittävästi,ADV,Positive,3.3674045977307596
rikkinäinen,ADJ,Negative,-2.1678707788900438
rikkoa,VERB,Negative,-2.1769159184930507
rikkonainen,ADJ,Negative,-4.247305246384449
rikollinen,ADJ,Negative,-2.761878419214207
rikosilmoitus,NOUN,Negative,-4.761878419214207
ripeä,ADJ,Positive,3.712696685683632
ripeästi,ADV,Positive,4.1649117338320165
ristiriitainen,ADJ,Negative,-2.6623427456632927
robotti,NOUN,Negative,-4.024912825048001
rock,NOUN,Positive,2.0194812943104528
rohkeasti,ADV,Positive,2.3674045977307596
romanttinen,ADJ,Positive,3.2604893938142476
roskaposti,NOUN,Negative,-2.102915337049274
ruisleipä,NOUN,Positive,2.2604893938142476
rumba,NOUN,Negative,-3.1769159184930507
runko,NOUN,Negative,-2.024912825048001
runsaasti,ADV,Positive,2.5499960110092323
runsas,ADJ,Positive,3.5924711533655325
runsaus,NOUN,Positive,2.6475125169234945
ruoka,NOUN,Positive,3.9930090829492615
ruokailu,NOUN,Positive,4.442692725034997
ruokajuoma,NOUN,Positive,2.1450121763943115
ruokalista,NOUN,Positive,2.7299746771154676
ruokapaikka,NOUN,Positive,2.0194812943104528
ruokatarjoilu,NOUN,Positive,2.1450121763943115
rutiini,NOUN,Positive,2.3674045977307596
ruuhkainen,ADJ,Positive,3.0519027720028298
ruukkukukka,NOUN,Positive,2.2604893938142476
ryhmitellä,VERB,Positive,2.2604893938142476
ryhmä,NOUN,Positive,2.0710115949505346
räätälöidä,VERB,Positive,2.5600496756731554
saakka,ADV,Positive,2.275210899521013
saapua,VERB,Negative,-2.024912825048001
saatana,NOUN,Negative,-3.761878419214207
saatava,NOUN,Negative,-2.1769159184930507
saatavuus,NOUN,Positive,2.000622267059137
saati,SCONJ,Negative,-2.357488164134872
saatto,NOUN,Positive,2.1450121763943115
saippua,NOUN,Positive,2.2604893938142476
sairaala,NOUN,Positive,2.9974549879804537
salaatti,NOUN,Positive,6.196674296216804
salaattiannos,NOUN,Positive,2.0194812943104528
salaattibaari,NOUN,Positive,2.0194812943104528
salamannopea,ADJ,Positive,2.0194812943104528
salata,VERB,Negative,-2.761878419214207
sali,NOUN,Positive,4.232475017644651
samankaltainen,ADJ,Positive,2.3674045977307596
samoin,ADV,Positive,2.3674045977307596
sanottava,ADJ,Positive,4.392939689837897
sauna,NOUN,Positive,6.472939011903117
saunaosasto,NOUN,Positive,3.5142459860600304
saunoa,VERB,Positive,2.2604893938142476
savo,NOUN,Positive,2.1450121763943115
seinä,NOUN,Positive,2.152066933928262
sekunda,ADJ,Negative,-3.024912825048001
sekä,CONJ,Positive,2.3096594790915845
selaaminen,NOUN,Positive,3.3149371778366237
selata,VERB,Positive,2.3149371778366237
selittyä,VERB,Negative,-2.2054850706898215
seljetä,VERB,Positive,5.374816987940814
selkeys,NOUN,Positive,4.174759519788363
selkeä,ADJ,Positive,2.5600496756731554
selkänoja,NOUN,Positive,2.1450121763943115
sellainen,ADJ,Positive,2.1157343838720655
selostus,NOUN,Positive,2.1450121763943115
semmonen,ADJ,Positive,2.9523670984519157
serenadi,NOUN,Negative,-4.247305246384449
seuraava,ADJ,Negative,-2.1180222294394824
seurue,NOUN,Positive,2.4669402712816737
shampoo,NOUN,Positive,2.7299746771154676
shoppailla,VERB,Positive,3.689332692618122
shoppailu,NOUN,Positive,3.668574132451324
siedettävä,ADJ,Positive,2.7299746771154676
siipi,NOUN,Positive,3.2039058654478803
siirtyminen,NOUN,Positive,2.3149371778366237
siirtymä,NOUN,Positive,2.1450121763943115
siirtyvä,ADJ,Positive,2.1450121763943115
siisteys,NOUN,Positive,3.4180306708007273
siisti,ADJ,Positive,6.766250063507018
siististi,ADV,Positive,3.8454518945354037
siivooja,NOUN,Positive,3.2604893938142476
siivota,VERB,Positive,2.6475125169234945
sijainti,NOUN,Positive,5.4130472632864715
sijaita,VERB,Positive,2.836174080947393
sijoittaa,VERB,Positive,2.0194812943104528
sijoittua,VERB,Positive,2.5600496756731554
siksi,ADP,Negative,-2.761878419214207
sillon,ADV,Positive,2.0194812943104528
simppeli,ADJ,Positive,4.647512516923495
sisustaa,VERB,Positive,4.863830423850258
sisustus,NOUN,Positive,4.977902190559053
sisäpiha,NOUN,Positive,3.8454518945354037
sisätila,NOUN,Positive,3.1146385273507926
sisäänkirjautua,VERB,Positive,2.807977189116741
sivu,NOUN,Positive,3.2039058654478803
sivusta,NOUN,Positive,2.000622267059137
skandinaavinen,ADJ,Positive,2.0194812943104528
skeitti,NOUN,Positive,2.2604893938142476
skeptinen,ADJ,Positive,2.4669402712816737
smoothie,NOUN,Positive,2.9523670984519157
so,NOUN,Positive,2.1450121763943115
sohva,NOUN,Positive,4.689332692618121
soittopyyntö,NOUN,Negative,-2.8549878236056885
sopuhinta,NOUN,Positive,2.807977189116741
sopuhintainen,ADJ,Positive,2.0194812943104528
sorry,INTJ,Negative,-2.024912825048001
sovitin,NOUN,Positive,2.2604893938142476
spoileri,NOUN,Negative,-4.247305246384449
stop,NOUN,Positive,2.3674045977307596
stuertti,NOUN,Positive,2.0194812943104528
suhde,NOUN,Positive,3.2834262050914065
suht,ADV,Positive,3.2530719222517646
suhteellinen,ADJ,Positive,4.213491914277078
suhteuttaa,VERB,Positive,2.0194812943104528
suhtkoht,ADV,Positive,2.1450121763943115
suihku,NOUN,Positive,5.067844315871851
suihkutila,NOUN,Positive,2.2604893938142476
sujua,VERB,Positive,4.881309701532192
sukka,NOUN,Positive,2.3400281587994542
suklaakakku,NOUN,Positive,3.0194812943104528
sukunimi,NOUN,Negative,-2.0773802449421366
sulaa,VERB,Positive,2.9863144303752533
suljin,NOUN,Negative,-2.024912825048001
suloinen,ADJ,Positive,2.5600496756731554
sumea,ADJ,Negative,-3.4399503243268446
sunnuntaiaamu,NOUN,Positive,2.0194812943104528
suojapaperi,NOUN,Negative,-4.247305246384449
suojaus,NOUN,Positive,2.1450121763943115
suolainen,ADJ,Positive,4.215401504285709
suonikohju,NOUN,Positive,2.0194812943104528
suoraan,ADV,Negative,-2.4399503243268446
suosia,VERB,Positive,3.1084863003691976
suosikki,NOUN,Positive,5.502564181012395
suositella,VERB,Positive,2.5745201584814885
suostua,VERB,Negative,-2.5774538480767797
super,NOUN,Positive,4.58795567224304
suppea,ADJ,Positive,3.0411763654097714
surffailla,VERB,Positive,2.1450121763943115
surffata,VERB,Positive,2.0194812943104528
surkea,ADJ,Negative,-3.5165716059297574
surkeasti,ADV,Negative,-4.247305246384449
suru,NOUN,Positive,2.005609119728895
surutalo,NOUN,Positive,2.2604893938142476
suttuinen,ADJ,Negative,-2.761878419214207
suunnata,VERB,Positive,2.0625500162023385
suunnattomasti,ADV,Negative,-2.024912825048001
suunnistaa,VERB,Positive,2.0194812943104528
suunta,NOUN,Positive,2.3674045977307596
suuntautua,VERB,Positive,2.1450121763943115
suurennos,NOUN,Positive,2.9523670984519157
suurkiitos,NOUN,Positive,2.604443795031609
suussasulava,ADJ,Positive,2.7299746771154676
sviitti,NOUN,Positive,3.9863144303752533
sympaattinen,ADJ,Positive,3.6475125169234945
syntymäpäiväonnittelu,NOUN,Positive,2.0194812943104528
syvä,ADJ,Negative,-2.067981546939887
syödä,VERB,Positive,4.7936693524328575
syöttötuoli,NOUN,Positive,2.1450121763943115
säiliö,NOUN,Negative,-2.1769159184930507
sämpylä,NOUN,Positive,3.3674045977307596
sänky,NOUN,Positive,3.508416907257833
sää,NOUN,Positive,2.3674045977307596
säännöllisesti,ADV,Positive,3.3149371778366237
sääri,NOUN,Positive,2.807977189116741
säästävä,ADJ,Positive,2.0194812943104528
säästää,VERB,Positive,2.0194812943104528
söpö,ADJ,Positive,3.2604893938142476
taattu,ADJ,Positive,3.807977189116741
tahti,NOUN,Positive,2.3149371778366237
taika,NOUN,Positive,2.5600496756731554
taivaallinen,ADJ,Positive,2.5142459860600304
takaavat,VERB,Positive,2.0194812943104528
takku,NOUN,Positive,2.6475125169234945
tamperelainen,ADJ,Positive,2.2604893938142476
tapahtuma,NOUN,Positive,2.3747465730719273
tapetoida,VERB,Positive,2.9523670984519157
tapetointi,NOUN,Positive,2.9523670984519157
tapetti,NOUN,Positive,2.739657230512807
tappio,NOUN,Negative,-2.8549878236056885
tarjoilija,NOUN,Positive,5.314937177836624
tarjoilla,VERB,Positive,4.986314430375253
tarjoilu,NOUN,Positive,5.442692725034997
tarjolla,ADV,Positive,3.4141988092097004
tarjonta,NOUN,Positive,3.387868700290475
tarjous,NOUN,Positive,2.5600496756731554
tarkennus,NOUN,Positive,2.5600496756731554
tarpeellinen,ADJ,Positive,2.7927104324634304
tarpeen,ADV,Positive,2.2825157001442467
tarve,NOUN,Positive,2.1349585117303884
tarvike,NOUN,Positive,2.615902910406673
tarvis,ADV,Positive,2.4669402712816737
tarvita,AUX,Positive,2.2046455194199335
tasainen,ADJ,Positive,2.9863144303752533
taso,NOUN,Positive,2.2660275773556777
tasokas,ADJ,Positive,3.4669402712816737
tau,NOUN,Positive,2.2604893938142476
taulukko,NOUN,Positive,2.9105469227572884
tavanomainen,ADJ,Positive,2.4669402712816737
tavaratalo,NOUN,Positive,2.6475125169234945
tee,NOUN,Negative,-2.067981546939887
teema,NOUN,Positive,2.0194812943104528
tehokas,ADJ,Positive,3.971863274077713
tehokkaasti,ADV,Positive,2.9863144303752533
teknisesti,ADV,Positive,2.3674045977307596
teko,NOUN,Positive,2.3326391795700827
terassi,NOUN,Positive,6.3082425252626155
tervehtiä,VERB,Positive,2.5600496756731554
tervetullut,ADJ,Positive,2.8330681700795712
testata,VERB,Positive,2.2849424375387866
tiedotus,NOUN,Positive,2.7888683661690363
tiivis,ADJ,Positive,3.5142459860600304
tiketti,NOUN,Negative,-2.761878419214207
tikku,NOUN,Positive,2.807977189116741
tilata,VERB,Negative,-3.024912825048001
tilava,ADJ,Positive,6.301516662074302
tiliote,NOUN,Negative,-3.4399503243268446
tilittää,VERB,Negative,-3.024912825048001
tiski,NOUN,Positive,2.2121263722528486
tismalleen,ADV,Positive,2.2604893938142476
todentua,VERB,Positive,2.8819777705605176
todiste,NOUN,Negative,-4.247305246384449
tohveli,NOUN,Positive,2.1450121763943115
toimeksianto,NOUN,Positive,2.3674045977307596
toimi,NOUN,Positive,2.643220056033369
toimia,VERB,Positive,2.6475125169234945
toimimaton,ADJ,Negative,-4.761878419214207
toiminto,NOUN,Positive,2.1450121763943115
toimitus,NOUN,Positive,2.4244570694872127
toiste,NOUN,Positive,2.1146385273507926
toive,NOUN,Positive,3.4467623893440433
toivo,NOUN,Positive,2.083611631730168
toivomus,NOUN,Positive,2.5897970190672073
toivottaa,VERB,Positive,2.604443795031609
toivotunlainen,ADJ,Positive,2.3674045977307596
tomaatti,NOUN,Positive,2.2604893938142476
top,INTJ,Positive,2.3674045977307596
tora,NOUN,Positive,4.881977770560518
torni,NOUN,Positive,4.274295193339278
torttu,NOUN,Positive,2.5600496756731554
tosi,NOUN,Positive,2.2699989532328417
tosiasia,NOUN,Negative,-3.024912825048001
tosin,ADV,Positive,2.1450121763943115
tossu,NOUN,Positive,3.2604893938142476
tottua,VERB,Positive,2.3255844220361324
totuus,NOUN,Negative,-2.4399503243268446
touhu,NOUN,Negative,-2.5867917126561157
treffi,NOUN,Positive,2.3674045977307596
trendi,NOUN,Positive,2.3674045977307596
trendikäs,ADJ,Positive,3.083611631730168
tuhlata,VERB,Negative,-2.1769159184930507
tukisukka,NOUN,Positive,3.1055820315657736
tulevaisuus,NOUN,Positive,2.1450121763943115
tuliainen,NOUN,Positive,2.2604893938142476
tulla,VERB,Negative,-2.2473052463844487
tumpelo,NOUN,Positive,2.7299746771154676
tungos,NOUN,Positive,2.8819777705605176
tunkkainen,ADJ,Positive,2.0194812943104528
tunnelma,NOUN,Positive,5.139994101627686
tunnelmallinen,ADJ,Positive,5.872932630957511
tunnusluku,NOUN,Negative,-4.439950324326845
tunnustaa,VERB,Negative,-2.1769159184930507
tuntuinen,ADJ,Positive,3.7299746771154676
tuntuma,NOUN,Positive,2.807977189116741
tuoksu,NOUN,Positive,3.917601680291239
tuoksuinen,ADJ,Positive,2.0194812943104528
tuomiokirkko,NOUN,Positive,2.5600496756731554
tuore,ADJ,Positive,3.7232800245414595
tuote,NOUN,Positive,2.4828818151506953
tuotekuva,NOUN,Positive,2.519407691175809
tuotemerkki,NOUN,Positive,2.769503041302105
tuoteseloste,NOUN,Positive,3.4180306708007273
tuotevalikoima,NOUN,Positive,4.685204806995445
tupa,NOUN,Positive,2.3674045977307596
tupata,VERB,Positive,3.083611631730168
turisti,NOUN,Positive,3.3149371778366237
turistiluokka,NOUN,Positive,3.3674045977307596
turku,NOUN,Positive,3.343792040508809
turvallinen,ADJ,Positive,4.103081495928393
turvottaa,VERB,Positive,2.5600496756731554
tuttavuus,NOUN,Positive,3.9523670984519157
tuttu,ADJ,Positive,2.2519273803108235
tutustua,VERB,Positive,3.341409389197815
tuuli,NOUN,Positive,2.1043701918969657
tykätä,VERB,Positive,2.5161063280855585
tylsä,ADJ,Positive,2.4345187935892962
tylysti,ADV,Negative,-3.024912825048001
tyylikkäästi,ADV,Positive,3.807977189116741
tyylikäs,ADJ,Positive,3.5142459860600304
tyyny,NOUN,Positive,4.384478111089701
tyyris,ADJ,Positive,2.9523670984519157
tyytymätön,ADJ,Negative,-4.39414663471372
tyytyväinen,ADJ,Positive,3.6030596492467546
työnantaja,NOUN,Positive,2.0194812943104528
tänään,ADV,Negative,-2.019841835500579
täsmälleen,ADV,Positive,2.4426927250349966
täsmällinen,ADJ,Positive,5.668574132451324
täsmällisesti,ADV,Positive,4.749874234553173
täydellinen,ADJ,Positive,3.6552069087134953
täydellisesti,ADV,Positive,4.083611631730168
täydellistää,VERB,Positive,2.0194812943104528
täydellisyys,NOUN,Positive,2.3674045977307596
täydentää,VERB,Positive,2.807977189116741
täys,ADV,Positive,3.2604893938142476
täyte,NOUN,Positive,2.083611631730168
törkeä,ADJ,Negative,-2.5139509057706215
tötterö,NOUN,Negative,-2.1769159184930507
uhata,VERB,Negative,-2.024912825048001
uhkailla,VERB,Negative,-2.1769159184930507
uida,VERB,Positive,2.184540540580949
uinti,NOUN,Positive,2.4669402712816737
ukko,NOUN,Positive,2.2604893938142476
ulkoilu,NOUN,Positive,3.6475125169234945
ulkona,ADV,Positive,3.129905284004103
uloskirjautua,VERB,Positive,2.3674045977307596
umpi,NOUN,Negative,-2.1769159184930507
unelma,NOUN,Positive,2.8819777705605176
uni,NOUN,Positive,3.1747595197883633
uniikki,ADJ,Positive,2.7299746771154676
unohdettu,ADJ,Negative,-2.1769159184930507
upea,ADJ,Positive,4.673791841722344
upeasti,ADV,Positive,4.174759519788363
urheilu,NOUN,Positive,2.5600496756731554
useimmiten,ADV,Positive,2.4669402712816737
uudehko,ADJ,Positive,3.2039058654478803
uurna,NOUN,Negative,-4.247305246384449
uutuus,NOUN,Positive,2.6475125169234945
vaa,ADV,Positive,2.2604893938142476
vaadin,NOUN,Negative,-3.024912825048001
vaaleanpunainen,ADJ,Negative,-2.333035120410333
vaari,NOUN,Positive,2.0194812943104528
vaate,NOUN,Positive,2.600796018016464
vaatekauppa,NOUN,Positive,2.0194812943104528
vaihtoehto,NOUN,Positive,2.419806295690579
vaikeaselkoinen,ADJ,Negative,-2.024912825048001
vaivaton,ADJ,Positive,5.76081208103806
vaivattomasti,ADV,Positive,5.171074472980507
vakava,ADJ,Negative,-2.609875325769157
vakio,ADJ,Positive,2.0194812943104528
vakioasiakas,NOUN,Positive,2.3674045977307596
vakuutusyhtiö,NOUN,Negative,-2.761878419214207
valaistua,VERB,Positive,2.1450121763943115
valehdella,VERB,Negative,-3.2054850706898215
valikoida,VERB,Positive,5.370621310414302
valikoima,NOUN,Positive,3.9254000508516462
valin,NOUN,Positive,2.9863144303752533
valinnanvara,NOUN,Positive,3.6615877021352174
valinta,NOUN,Positive,2.134364932194803
valitella,VERB,Negative,-2.1769159184930507
valitettava,ADJ,Positive,3.21826115842495
valittaa,VERB,Positive,3.1372348258025924
valmistaja,NOUN,Negative,-2.1769159184930507
valottua,VERB,Negative,-2.761878419214207
valtava,ADJ,Positive,2.083611631730168
valuutta,NOUN,Positive,4.20390586544788
vanhahtaa,VERB,Positive,2.2604893938142476
vanhus,NOUN,Positive,2.807977189116741
vappu,NOUN,Positive,2.0194812943104528
varaaminen,NOUN,Positive,2.955798003852189
varmasti,ADV,Positive,2.4685423758781755
varrella,ADV,Positive,2.8819777705605176
varsi,NOUN,Positive,2.352607595802679
varteenotettava,ADJ,Positive,2.0194812943104528
varustella,VERB,Positive,3.4180306708007273
varustelu,NOUN,Positive,3.0194812943104528
vastaaja,NOUN,Negative,-2.6623427456632927
vastaanottaja,NOUN,Negative,-2.1769159184930507
vastaanotto,NOUN,Positive,2.621825873259845
vastaanottovirkailija,NOUN,Positive,2.1450121763943115
vastapäätä,ADV,Positive,2.1450121763943115
vastata,VERB,Positive,2.1450121763943115
vastaus,NOUN,Negative,-3.761878419214207
vastuu,NOUN,Negative,-2.369560996435447
vatsa,NOUN,Positive,2.2604893938142476
vau,INTJ,Positive,2.1450121763943115
vedenkeitin,NOUN,Positive,2.3674045977307596
vedota,VERB,Negative,-3.2054850706898215
vedätys,NOUN,Negative,-4.609875325769157
vegaani,NOUN,Positive,2.3674045977307596
verho,NOUN,Positive,3.4669402712816737
verkosto,NOUN,Positive,2.3674045977307596
vero,NOUN,Positive,2.168858918348679
verotus,NOUN,Positive,2.2604893938142476
verta,NOUN,Positive,2.0194812943104528
vertailla,VERB,Positive,5.926371889918971
vertailu,NOUN,Positive,4.7399587656880895
vesi,NOUN,Positive,2.269707923843626
vesiliukumäki,NOUN,Positive,2.3674045977307596
vessa,NOUN,Positive,4.589797019067207
viallinen,ADJ,Negative,-2.1403900424679367
viehättävä,ADJ,Positive,4.05190277200283
vierailla,VERB,Positive,2.083611631730168
vierailu,NOUN,Positive,3.8577302243138405
vierekkäin,ADV,Positive,2.3674045977307596
vierekkäinen,ADJ,Positive,2.0194812943104528
vieressä,ADV,Positive,3.2154015042857096
viettää,VERB,Positive,3.4548674389810987
vihje,NOUN,Positive,2.0194812943104528
viidakko,NOUN,Positive,2.2604893938142476
viihde,NOUN,Positive,4.418030670800728
viihtyisä,ADJ,Positive,7.079685928516368
viihtyä,VERB,Positive,4.863830423850258
viikko,NOUN,Negative,-2.287947230881795
viikonloppumatka,NOUN,Positive,2.3674045977307596
viileä,ADJ,Positive,3.4180306708007273
viini,NOUN,Positive,3.2604893938142476
viinit,NOUN,Positive,2.0194812943104528
viis,ADV,Positive,2.2604893938142476
viivästyminen,NOUN,Negative,-2.024912825048001
viivästyskorko,NOUN,Negative,-3.4399503243268446
vilkas,ADJ,Positive,2.9523670984519157
vilpittömästi,ADV,Positive,3.2039058654478803
viltti,NOUN,Positive,2.0194812943104528
vinkki,NOUN,Positive,2.8577302243138405
virheetön,ADJ,Positive,3.2418737156469004
virkkaa,VERB,Negative,-3.2473052463844487
virvoke,NOUN,Positive,2.2604893938142476
visiitti,NOUN,Positive,3.5142459860600304
vitriini,NOUN,Positive,3.807977189116741
vittu,NOUN,Negative,-2.7029847301606384
vituttaa,VERB,Negative,-3.761878419214207
vohveli,NOUN,Positive,4.881977770560518
voi,NOUN,Positive,3.401351929654097
voileipä,NOUN,Positive,3.1450121763943115
voimakas,ADJ,Positive,2.2039058654478803
vuori,NOUN,Positive,2.1450121763943115
vuosikymmen,NOUN,Positive,2.4669402712816737
vyötärö,NOUN,Positive,2.0194812943104528
vähennys,NOUN,Positive,2.4669402712816737
vähä,ADJ,Positive,2.2155955583637326
vähän,ADV,Positive,2.6475125169234945
väittää,VERB,Negative,-2.5732168551903087
väki,NOUN,Positive,2.4180306708007273
välimatka,NOUN,Positive,2.4180306708007273
välinpitämättömyys,NOUN,Negative,-2.761878419214207
välipala,NOUN,Positive,3.2039058654478803
välittävä,ADJ,Positive,2.5600496756731554
välttämätön,ADJ,Positive,2.5600496756731554
välttävä,ADJ,Negative,-2.287947230881795
väärinkäyttö,NOUN,Negative,-4.024912825048001
väärinymmärrys,NOUN,Negative,-2.761878419214207
väärti,ADJ,Positive,2.6475125169234945
väärtti,ADJ,Positive,2.2604893938142476
väärä,ADJ,Negative,-2.10904816030822
vääränlainen,ADJ,Negative,-2.287947230881795
wanha,ADJ,Positive,2.0194812943104528
wc,NOUN,Positive,2.5600496756731554
ydin,NOUN,Positive,3.5142459860600304
ydinkeskusta,NOUN,Positive,2.807977189116741
yhdistyä,VERB,Negative,-2.1769159184930507
yhdysvallat,NOUN,Positive,2.7299746771154676
yhteensopiva,ADJ,Negative,-2.4399503243268446
yhteinen,ADJ,Positive,2.1450121763943115
yhä,ADV,Negative,-2.3785497796627015
ykkönen,NOUN,Positive,2.120764630147634
yksilöllinen,ADJ,Positive,3.6475125169234945
yksinkertainen,ADJ,Positive,2.8257336599208984
yksinkertaistaa,VERB,Positive,4.152506712941236
yksipuolinen,ADJ,Negative,-2.024912825048001
yksittäinen,ADJ,Positive,2.1450121763943115
yksityiskohta,NOUN,Positive,4.969440611810857
yleisesti,ADV,Positive,2.807977189116741
ylellinen,ADJ,Positive,2.9523670984519157
ylihinnoitella,VERB,Positive,3.1450121763943115
ylin,ADJ,Positive,3.917601680291239
ylittää,VERB,Positive,3.278867923129102
yllä,ADV,Positive,2.6475125169234945
yllättynyt,ADJ,Positive,4.012908640386966
yllättävä,ADJ,Positive,2.8432742412300334
yllättää,VERB,Positive,2.2230146883955846
yläkerta,NOUN,Positive,3.769503041302105
ymmällä,ADV,Negative,-2.4399503243268446
ympäri,ADV,Positive,4.537329599173072
ympäripyöreä,ADJ,Negative,-2.761878419214207
ympäristö,NOUN,Positive,4.560049675673155
ystävällinen,ADJ,Positive,4.128975213031166
ystävällisesti,ADV,Positive,2.7199210124515445
ystävällisyys,NOUN,Positive,2.6475125169234945
yö,NOUN,Positive,2.8565070830443995
yökerho,NOUN,Positive,2.1450121763943115
yölento,NOUN,Positive,3.1450121763943115
yöpyjä,NOUN,Positive,2.1450121763943115
yöpyminen,NOUN,Positive,2.863830423850258
yöpyä,VERB,Positive,6.043865452937411
yöuni,NOUN,Positive,3.2039058654478803
äidinkieli,NOUN,Positive,2.4669402712816737
äitienpäiväruusu,NOUN,Negative,-2.1769159184930507
äly,NOUN,Positive,2.4669402712816737
ärrä,NOUN,Positive,2.2604893938142476
äänenvaimennin,NOUN,Negative,-2.6623427456632927
ääni,NOUN,Positive,2.4508206059183966
äänieristys,NOUN,Positive,2.807977189116741
äärellä,ADV,Positive,4.314937177836624
