Aurajoki,NOUN,Positive,3.9648101024801634
Australia,NOUN,Positive,3.4387412908125756
Barcelona,NOUN,Negative,-2.7900773996833053
Kanada,NOUN,Positive,2.8823479422881904
Kiova,NOUN,Negative,-2.7900773996833053
Lontoo,NOUN,Positive,2.794885101037851
Naantali,NOUN,Positive,2.794885101037851
Rooma,NOUN,Positive,2.794885101037851
Saima,NOUN,Positive,3.116813195925213
Selkee,NOUN,Positive,2.7017756966463695
Surkee,NOUN,Negative,-3.7900773996833053
Tampere,NOUN,Positive,2.781946045330353
Travellink,NOUN,Negative,-4.012469821019753
Vesijärvi,NOUN,Positive,2.602240023095455
aamulento,NOUN,Positive,2.602240023095455
aika,NOUN,Positive,3.4515085868864537
aikataulu,NOUN,Positive,2.915900501999217
aikoa,AUX,Negative,-3.611107258637986
aina,ADP,Positive,2.8823479422881904
ainoa,ADJ,Positive,3.7017756966463695
ainut,ADJ,Positive,3.015988826405726
ajaa,VERB,Negative,-3.7900773996833053
aktiivinen,ADJ,Positive,2.652866096165423
aktiviteetti,NOUN,Positive,2.602240023095455
alennus,NOUN,Positive,5.549772603201319
alennuskoodi,NOUN,Positive,2.794885101037851
alkaa,VERB,Negative,-3.64568749034813
alkuperäinen,ADJ,Negative,-2.7900773996833053
alue,NOUN,Positive,2.602240023095455
ammattimainen,ADJ,Positive,3.4387412908125756
ammattimaisesti,ADV,Positive,2.9648101024801634
ammattimaistaa,VERB,Positive,2.602240023095455
ammattitaito,NOUN,Positive,3.9648101024801634
ammattitaitoinen,ADJ,Positive,2.8823479422881904
annettu,ADJ,Positive,2.794885101037851
antaa,VERB,Negative,-4.375039900404461
apu,NOUN,Positive,5.254316719675148
artikkeli,NOUN,Negative,-3.5270429938495114
arvio,NOUN,Negative,-2.7900773996833053
arvoinen,ADJ,Negative,-3.07958401687829
arvokas,ADJ,Positive,2.9648101024801634
arvostaa,VERB,Positive,5.871700698088682
asennusliike,NOUN,Positive,2.7017756966463695
asennusohje,NOUN,Positive,3.318447057094864
asentaa,VERB,Positive,2.6457416617320417
asetelma,NOUN,Positive,2.8823479422881904
asia,NOUN,Positive,3.067903595444267
asiakas,NOUN,Negative,-3.0124698210197534
asiakaslupaus,NOUN,Negative,-2.7900773996833053
asiakaslähtöinen,NOUN,Positive,2.602240023095455
asiakasystävällinen,NOUN,Positive,4.004338466666801
asiakirja,NOUN,Positive,2.9648101024801634
asiallinen,ADJ,Positive,3.995647506402756
asiamies,NOUN,Negative,-3.5270429938495114
asianmukainen,ADJ,Positive,4.004338466666801
asiantunteva,ADJ,Positive,4.88234794228819
asiantuntevasti,ADV,Positive,3.5497726032013195
asioida,VERB,Negative,-4.012469821019753
asioiminen,NOUN,Positive,3.794885101037851
asiointi,NOUN,Positive,3.52280555560105
asua,VERB,Positive,2.7017756966463695
aurinkoinen,ADJ,Positive,2.7017756966463695
aurinkolasi,NOUN,Positive,3.254316719675148
auto,NOUN,Positive,2.7017756966463695
auttaa,VERB,Negative,-2.620152398240993
auttamaton,ADJ,Negative,-3.5270429938495114
auttava,ADJ,Positive,2.7017756966463695
auttavainen,ADJ,Positive,2.794885101037851
avara,ADJ,Positive,2.7017756966463695
avoin,ADJ,Negative,-2.7900773996833053
avu,NOUN,Positive,3.080287319900099
avulias,ADJ,Positive,3.2867381973675256
baari,NOUN,Positive,3.116813195925213
bittiraha,NOUN,Positive,4.349473952715488
bonus,NOUN,Positive,3.116813195925213
edelleen,ADV,Negative,-3.205114898962149
edellyttää,VERB,Negative,-2.7900773996833053
edullinen,ADJ,Positive,3.4841842615737426
edullisesti,ADV,Positive,5.868134083068489
edus,NOUN,Positive,2.8823479422881904
ehdoton,ADJ,Positive,3.4387412908125756
ehdottomasti,ADV,Positive,3.3607387788113026
ehjä,ADJ,Negative,-2.7900773996833053
ei,VERB,Negative,-2.964106799458354
elokuva,NOUN,Positive,3.495324819178943
elää,VERB,Negative,-4.205114898962149
ennestään,ADP,Positive,2.8823479422881904
ensikertalainen,NOUN,Positive,3.0428126144814365
ensiluokkainen,ADJ,Positive,3.5497726032013195
epäillä,VERB,Positive,3.839279220396304
epäluotettava,ADJ,Negative,-4.3343979159071155
epämääräinen,ADJ,Negative,-3.5270429938495114
epämääräisesti,ADV,Negative,-4.205114898962149
epätarkka,ADJ,Negative,-3.205114898962149
epävarma,ADJ,Negative,-3.205114898962149
epäystävällinen,ADJ,Negative,-3.0124698210197534
erehtyä,VERB,Negative,-2.620152398240993
erikoinenkahve,ADJ,Positive,2.794885101037851
erilainen,ADJ,Negative,-2.620152398240993
erinomainen,ADJ,Positive,5.661618570174387
erinomaisesti,ADV,Positive,4.851716323634527
erittäin,ADV,Positive,3.003654238510324
erityinen,ADJ,Positive,3.116813195925213
erityinenkiitos,ADJ,Positive,3.749081411424726
erityinenmaininta,ADJ,Positive,2.8823479422881904
eronnut,ADJ,Negative,-2.7900773996833053
erottua,VERB,Positive,2.602240023095455
esillä,ADV,Positive,2.7208845195940743
esimerkillinen,ADJ,Positive,3.254316719675148
esimerkillisesti,ADV,Positive,2.8823479422881904
esitellä,VERB,Positive,3.839279220396304
esittää,VERB,Negative,-3.5270429938495114
etana,NOUN,Negative,-3.7900773996833053
eteneminen,NOUN,Positive,3.794885101037851
etenkin,ADV,Positive,3.379847601759007
etsiminen,NOUN,Positive,3.2867381973675256
etsintä,NOUN,Positive,3.379847601759007
etsiä,VERB,Positive,3.254316719675148
etu,NOUN,Positive,2.794885101037851
etuajassa,ADV,Positive,5.098665849214954
fiasko,NOUN,Negative,-3.7900773996833053
firma,NOUN,Negative,-2.9420804931283553
gluteeniton,ADJ,Positive,2.602240023095455
golf,NOUN,Positive,2.794885101037851
haalea,ADJ,Negative,-3.7900773996833053
haista,VERB,Negative,-2.7900773996833053
haitata,VERB,Positive,4.90340955781602
hakemani,NOUN,Positive,3.749081411424726
hakeminen,NOUN,Positive,3.2867381973675256
haku,NOUN,Positive,2.602240023095455
hakukone,NOUN,Positive,2.9648101024801634
haloo,NOUN,Negative,-3.205114898962149
halpa,ADJ,Positive,2.652866096165423
haluta,VERB,Positive,2.602240023095455
haluttu,ADJ,Positive,2.7017756966463695
halva,NOUN,Positive,2.8338040903301533
hankaluus,NOUN,Positive,4.004338466666801
hankinta,NOUN,Positive,3.318447057094864
hankittu,ADJ,Positive,3.116813195925213
harhaanjohtava,ADJ,Negative,-3.9055546171032414
hauska,ADJ,Positive,5.061671641732752
hedelmä,NOUN,Positive,3.4387412908125756
heidät,PRON,Positive,2.794885101037851
heihin,PRON,Negative,-2.620152398240993
heikko,ADJ,Negative,-2.664546517599446
heikkolaatuinen,ADJ,Negative,-2.9420804931283553
heinä,NOUN,Positive,2.602240023095455
heinäkuu,NOUN,Negative,-2.7900773996833053
heinänteko,NOUN,Positive,4.318447057094864
helposti,ADV,Positive,4.017014616671359
helpottaa,VERB,Positive,3.098665849214954
helppo,ADJ,Positive,5.647228823023289
helppokäyttöinen,ADJ,Positive,5.949703210089955
helppous,NOUN,Positive,4.549772603201319
henkilökohtainen,ADJ,Positive,2.602240023095455
herkku,NOUN,Positive,5.061671641732752
herkullinen,ADJ,Positive,4.409594945153059
hieman,ADV,Positive,2.7081132438858844
hieno,ADJ,Positive,4.394797943224979
hienosti,ADV,Positive,5.468398038266952
hiljainen,ADJ,Positive,3.6277751152025925
hinta,NOUN,Positive,2.9241681179828176
hintainen,ADJ,Positive,2.602240023095455
hintalaatu,NOUN,Positive,4.152437105655935
hintalaatusuhde,NOUN,Positive,2.7017756966463695
hintataso,NOUN,Positive,4.26085956554192
hintava,ADJ,Positive,3.513703348493798
hirvetä,VERB,Negative,-3.664546517599446
hitunen,NOUN,Positive,3.318447057094864
hiukan,ADV,Positive,3.058710241361645
hoitaa,VERB,Negative,-2.7900773996833053
hoitua,VERB,Positive,3.652866096165423
homma,NOUN,Positive,3.2065678486835423
hotelli,NOUN,Positive,3.52280555560105
houkutteleva,ADJ,Positive,2.8823479422881904
houkuttua,VERB,Positive,2.7017756966463695
huijari,NOUN,Negative,-4.205114898962149
huijarifirma,NOUN,Negative,-3.205114898962149
huijata,VERB,Negative,-3.5270429938495114
huijaus,NOUN,Negative,-4.527042993849512
huikea,ADJ,Positive,3.4387412908125756
huippu,NOUN,Positive,4.237828596886579
huippuluokka,NOUN,Positive,3.2867381973675256
hukkaan,ADV,Negative,-3.232595635384256
hukkua,VERB,Negative,-3.0124698210197534
huoh,INTJ,Negative,-2.7900773996833053
huokea,ADJ,Positive,2.794885101037851
huoleton,ADJ,Positive,2.9648101024801634
huoletta,ADV,Positive,2.7017756966463695
huolimaton,ADJ,Negative,-3.664546517599446
huolimattomuus,NOUN,Negative,-3.205114898962149
huomata,VERB,Positive,2.602240023095455
huomauttaa,VERB,Negative,-2.7900773996833053
huomauttaminen,NOUN,Positive,3.652866096165423
huono,ADJ,Negative,-3.4530424124057344
huonolaatuinen,ADJ,Negative,-4.012469821019753
huonontunut,ADJ,Negative,-3.205114898962149
huuhaa,NOUN,Negative,-3.7900773996833053
hyvin,ADV,Positive,3.977491178161146
hyvittää,VERB,Negative,-4.375039900404461
hyvitys,NOUN,Negative,-3.2407388086928703
hyvä,ADJ,Positive,2.839279220396304
hyväksyttää,VERB,Negative,-2.7900773996833053
hyväkuntoinen,ADJ,Positive,3.495324819178943
hyvälaatuinen,ADJ,Positive,2.8823479422881904
hyvänlaatuinen,ADJ,Positive,2.8823479422881904
hyvännäköinen,ADJ,Positive,3.379847601759007
hyödytön,ADJ,Negative,-3.205114898962149
hävitä,VERB,Negative,-3.205114898962149
idea,NOUN,Positive,2.794885101037851
idyllinen,ADJ,Positive,3.2211498557399487
ihailla,VERB,Positive,2.794885101037851
ihana,ADJ,Positive,3.116813195925213
ihanasti,ADV,Positive,3.187202523816611
ihastunut,ADJ,Positive,3.5497726032013195
ihastuttava,ADJ,Positive,3.4387412908125756
ihme,NOUN,Negative,-4.012469821019753
ikkuna,NOUN,Positive,2.7017756966463695
ikuisuus,NOUN,Negative,-2.7900773996833053
ikäinen,ADJ,Positive,2.9648101024801634
ilahduttaa,VERB,Positive,3.254316719675148
ilahtua,VERB,Positive,3.652866096165423
ilahtunut,ADJ,Positive,4.5228055556010505
ilmaantua,VERB,Negative,-2.7900773996833053
ilmainen,ADJ,Positive,3.254316719675148
ilmapiiri,NOUN,Positive,2.824632444431903
ilme,NOUN,Positive,2.794885101037851
ilmetä,VERB,Positive,2.602240023095455
ilmoitettu,ADJ,Positive,2.652866096165423
ilmoittaa,VERB,Negative,-2.64568749034813
ilmoittaminen,NOUN,Positive,2.602240023095455
ilmoitus,NOUN,Positive,4.221149855739949
iloinen,ADJ,Positive,3.749081411424726
iloisesti,ADV,Positive,2.9648101024801634
informaatio,NOUN,Positive,3.602240023095455
internetti,NOUN,Positive,3.254316719675148
iso,ADJ,Positive,2.794885101037851
istua,VERB,Positive,3.4387412908125756
istuskella,VERB,Positive,3.0428126144814365
istuva,ADJ,Positive,2.9241681179828176
italia,NOUN,Positive,2.8823479422881904
jalka,NOUN,Positive,2.7289971653813936
jalkatila,NOUN,Positive,3.318447057094864
jatkaa,VERB,Positive,4.2042760371755525
jatkossa,ADV,Positive,6.0319242983387005
joki,NOUN,Positive,3.0428126144814365
jokin,PRON,Positive,3.2867381973675256
jokiranta,NOUN,Positive,3.0428126144814365
jono,NOUN,Negative,-2.620152398240993
jouheva,ADJ,Positive,3.254316719675148
joulu,NOUN,Positive,2.6652498206212556
jouluinen,ADJ,Positive,2.602240023095455
joulukukka,NOUN,Positive,2.8823479422881904
joustamaton,ADJ,Negative,-3.7900773996833053
joustava,ADJ,Positive,5.334043912145882
joustavasti,ADV,Positive,5.6897028643457945
joutuisasti,ADV,Positive,2.9648101024801634
juliste,NOUN,Positive,2.602240023095455
juna,NOUN,Positive,3.116813195925213
junavessa,NOUN,Positive,2.9648101024801634
juuri,NOUN,Positive,2.602240023095455
jännittää,VERB,Positive,3.4387412908125756
jännä,ADJ,Negative,-3.3750399004044613
järjestelmäkamera,NOUN,Negative,-4.012469821019753
järjestely,NOUN,Positive,3.187202523816611
järkevä,ADJ,Positive,2.794885101037851
jäätelö,NOUN,Positive,2.7017756966463695
kadoksissa,ADV,Negative,-4.012469821019753
kahve,NOUN,Positive,3.0428126144814365
kahvi,NOUN,Positive,3.102313626230098
kahvihetki,NOUN,Positive,2.9648101024801634
kahvila,NOUN,Positive,4.0450441617800195
kahvipaikka,NOUN,Positive,3.379847601759007
kaikin,ADV,Positive,4.435130037260197
kaikki,PRON,Positive,2.602240023095455
kaikkiaan,ADV,Positive,2.764511451994332
kaivata,VERB,Positive,4.286738197367526
kakka,NOUN,Negative,-4.012469821019753
kakku,NOUN,Positive,4.677528150399692
kaltainen,ADJ,Positive,2.602240023095455
kamppi,NOUN,Positive,2.602240023095455
kannattaa,VERB,Negative,-3.7900773996833053
kansainvälinen,ADJ,Positive,2.602240023095455
kantaa,VERB,Positive,2.839279220396304
karhulasku,NOUN,Negative,-3.7900773996833053
kasi,NOUN,Positive,2.7017756966463695
katastrofi,NOUN,Negative,-3.0124698210197534
katevaraus,NOUN,Negative,-3.7900773996833053
katsastus,NOUN,Negative,-4.205114898962149
katsella,VERB,Positive,3.379847601759007
kattaa,VERB,Positive,3.116813195925213
kattava,ADJ,Positive,4.847996437497414
katteeton,ADJ,Negative,-4.205114898962149
kauempana,ADV,Positive,3.5497726032013195
kauniisti,ADV,Positive,4.984709659917868
kaunis,ADJ,Positive,3.4387412908125756
kaunistaa,VERB,Positive,4.349473952715488
kaupankäynti,NOUN,Positive,5.221149855739949
kaupanteko,NOUN,Positive,4.924168117982817
kauppa,NOUN,Positive,3.379847601759007
kauppakumppani,NOUN,Positive,3.495324819178943
kauppapaikka,NOUN,Positive,4.116813195925213
kauppias,NOUN,Negative,-3.0124698210197534
kaupunki,NOUN,Positive,3.652866096165423
kehottaa,VERB,Negative,-2.9055546171032414
kehua,VERB,Positive,4.061671641732752
keksi,NOUN,Positive,3.749081411424726
keksintö,NOUN,Positive,2.794885101037851
kenkä,NOUN,Positive,2.8537787900914195
kenkäkauppa,NOUN,Positive,3.652866096165423
kerrassaan,ADV,Positive,3.2211498557399487
kerros,NOUN,Positive,2.915900501999217
keskittyä,VERB,Positive,2.8823479422881904
keskusta,NOUN,Positive,2.658383101132989
kestävä,ADJ,Positive,2.794885101037851
kesä,NOUN,Positive,3.05541265126107
kesärengas,NOUN,Positive,2.652866096165423
kevät,NOUN,Positive,3.379847601759007
kiinnike,NOUN,Negative,-2.620152398240993
kiinnostaa,VERB,Negative,-2.620152398240993
kiinteä,ADJ,Negative,-2.7900773996833053
kiitellä,VERB,Positive,3.379847601759007
kiitettävä,ADJ,Positive,4.1047403636246385
kiitettävästi,ADV,Positive,4.6403751519822265
kiitos,NOUN,Positive,3.83490077988573
kiitosviestin,NOUN,Positive,2.8823479422881904
kiittää,VERB,Positive,3.52280555560105
kilpailukykyinen,ADJ,Positive,6.634088889134795
kilpailuttaa,VERB,Positive,2.602240023095455
kimppu,NOUN,Positive,5.302679741236547
kirjekuori,NOUN,Negative,-3.205114898962149
kirjoa,VERB,Positive,4.098665849214954
kirjoittaa,VERB,Negative,-4.012469821019753
kitkattomasti,ADV,Positive,2.7017756966463695
kiva,ADJ,Positive,3.4616416929226546
kivasti,ADV,Positive,3.5849620316636197
kivuttomasti,ADV,Positive,2.764511451994332
klassikko,NOUN,Positive,3.254316719675148
kodikas,ADJ,Positive,3.652866096165423
kohdata,VERB,Positive,2.9648101024801634
kohde,NOUN,Positive,2.9912823138413542
kohdistua,VERB,Negative,-2.7900773996833053
kohta,NOUN,Positive,4.4530965837896455
kohteliaasti,ADV,Positive,2.602240023095455
kohtuu,NOUN,Positive,3.7623172385814203
kohtuuhinta,NOUN,Positive,4.318447057094864
kohtuuhintainen,ADJ,Positive,2.602240023095455
kohtuullinen,ADJ,Positive,3.602240023095455
kohtuuton,ADJ,Negative,-2.6905417261323907
kokeilla,VERB,Positive,3.52280555560105
kokemus,NOUN,Positive,3.116813195925213
kokki,NOUN,Positive,2.602240023095455
koko,NOUN,Positive,2.7017756966463695
kokoaminen,NOUN,Positive,2.8823479422881904
kokonaisuus,NOUN,Positive,3.2099226003166947
kompensaatio,NOUN,Negative,-3.205114898962149
konditoria,NOUN,Positive,3.4387412908125756
kone,NOUN,Positive,2.7289971653813936
konsepti,NOUN,Positive,2.8823479422881904
kontakti,NOUN,Negative,-2.7900773996833053
koota,VERB,Positive,3.839279220396304
kori,NOUN,Negative,-3.205114898962149
korjaaminen,NOUN,Negative,-3.205114898962149
korjata,VERB,Negative,-2.7900773996833053
korjaus,NOUN,Negative,-4.375039900404461
korkea,ADJ,Positive,2.6300742312921805
korkealaatuinen,ADJ,Positive,2.7017756966463695
koru,NOUN,Negative,-2.7900773996833053
korvapuusti,NOUN,Positive,4.286738197367526
korvaus,NOUN,Negative,-2.970649645325126
kosmetiikka,NOUN,Positive,2.7017756966463695
kotelo,NOUN,Positive,3.749081411424726
koti,NOUN,Positive,5.004338466666801
kotimaa,NOUN,Positive,2.602240023095455
kotimainen,ADJ,Positive,3.749081411424726
kotiovi,NOUN,Positive,3.5497726032013195
kotisivu,NOUN,Negative,-2.7900773996833053
kotisohva,NOUN,Positive,3.4387412908125756
kuihtua,VERB,Negative,-4.012469821019753
kuittaus,NOUN,Positive,3.495324819178943
kuitti,ADJ,Negative,-3.205114898962149
kukaan,PRON,Negative,-3.205114898962149
kukistaa,VERB,Positive,2.684181636631631
kukka,NOUN,Positive,3.4387412908125756
kukkakauppa,NOUN,Positive,2.7017756966463695
kukkakimppu,NOUN,Positive,3.839279220396304
kukkalaite,NOUN,Positive,3.318447057094864
kukkalähetys,NOUN,Positive,3.652866096165423
kukkanen,NOUN,Positive,3.749081411424726
kukkapaketti,NOUN,Positive,3.187202523816611
kukkapuska,NOUN,Positive,2.7017756966463695
kukkaro,NOUN,Positive,3.318447057094864
kukkatervehdys,NOUN,Positive,4.576244814562511
kukkatilaus,NOUN,Positive,3.513703348493798
kukkatoimitus,NOUN,Positive,3.187202523816611
kukkavälitys,NOUN,Positive,3.0428126144814365
kulahtaa,VERB,Negative,-3.3750399004044613
kulkea,VERB,Positive,2.794885101037851
kulunut,ADJ,Negative,-3.133561637937115
kuluttaja,NOUN,Negative,-2.7900773996833053
kumarrus,NOUN,Positive,2.8823479422881904
kumpikaan,PRON,Negative,-2.664546517599446
kumppani,NOUN,Positive,2.9648101024801634
kuopia,VERB,Positive,2.7017756966463695
kupeessa,ADV,Positive,3.0428126144814365
kurata,VERB,Negative,-3.205114898962149
kuten,ADV,Positive,2.673719411515394
kuti,NOUN,Positive,2.602240023095455
kuukausilasku,NOUN,Negative,-4.012469821019753
kuulu,ADJ,Negative,-3.0124698210197534
kuulua,VERB,Negative,-2.6576271036596557
kuulutus,NOUN,Positive,3.318447057094864
kuvattu,ADJ,Positive,4.042812614481437
kuvatuote,NOUN,Positive,3.379847601759007
kuvaus,NOUN,Positive,3.280311928208093
kuvitella,VERB,Positive,2.8823479422881904
kymppi,NOUN,Positive,5.364740709368799
kyseenalainen,ADJ,Negative,-3.205114898962149
kyseinen,ADJ,Negative,-3.205114898962149
kysymys,NOUN,Positive,2.8172529140663056
kysyä,VERB,Positive,3.2211498557399487
kärsiä,VERB,Positive,2.794885101037851
käsi,NOUN,Negative,-3.7900773996833053
käsittämätön,ADJ,Negative,-4.790077399683305
käsittää,VERB,Negative,-2.7900773996833053
käskeä,VERB,Negative,-3.5270429938495114
käteinen,ADJ,Positive,2.602240023095455
kätevä,ADJ,Positive,2.7017756966463695
kätevästi,ADV,Positive,4.939543343869733
kävely,NOUN,Positive,2.602240023095455
kävelymatka,NOUN,Positive,3.116813195925213
käydä,VERB,Positive,2.602240023095455
käytetty,ADJ,Positive,2.652866096165423
käyttäjä,NOUN,Positive,3.318447057094864
käyttäjäystävällinen,ADJ,Positive,3.116813195925213
käyttää,VERB,Negative,-2.7900773996833053
käyttökelvoton,ADJ,Negative,-3.07958401687829
käyttöohje,NOUN,Positive,3.495324819178943
laadukas,ADJ,Positive,5.415104926545338
laadukkaasti,ADV,Positive,2.9648101024801634
laaja,ADJ,Positive,4.749081411424726
laajasti,ADV,Positive,2.9648101024801634
laajentaa,VERB,Positive,3.652866096165423
laatu,NOUN,Positive,3.0428126144814365
laatuinen,ADJ,Positive,4.286738197367526
laatusuhde,NOUN,Positive,3.3731529491849988
laatutavara,NOUN,Positive,4.221149855739949
laatutuote,NOUN,Positive,3.254316719675148
lafka,NOUN,Negative,-3.7900773996833053
lahti,NOUN,Positive,3.8823479422881904
lainahakemus,NOUN,Positive,2.7017756966463695
lainapäätös,NOUN,Positive,2.8823479422881904
lainata,VERB,Positive,2.602240023095455
lainatarjous,NOUN,Positive,2.602240023095455
laita,NOUN,Positive,3.116813195925213
laite,NOUN,Negative,-2.9055546171032414
lasku,NOUN,Negative,-3.5270429938495114
laskuttaa,VERB,Negative,-2.7900773996833053
laukku,NOUN,Negative,-3.5270429938495114
leipomo,NOUN,Positive,2.602240023095455
leipä,NOUN,Positive,3.5497726032013195
leivonnainen,NOUN,Positive,3.764511451994332
leivos,NOUN,Positive,3.9648101024801634
lentohenkilökunta,NOUN,Positive,2.9648101024801634
lentokenttäkuljetus,NOUN,Negative,-3.0124698210197534
lentokone,NOUN,Positive,3.1524371056559346
lentomatka,NOUN,Positive,3.9648101024801634
lentovaihtoehto,NOUN,Positive,2.8823479422881904
lentovaraus,NOUN,Positive,3.254316719675148
liikuttunut,ADJ,Positive,2.7017756966463695
liisteri,NOUN,Positive,2.794885101037851
likainen,ADJ,Negative,-2.9055546171032414
lila,ADJ,Negative,-4.012469821019753
lippu,NOUN,Negative,-2.620152398240993
lisätä,VERB,Positive,2.9648101024801634
litra,NOUN,Negative,-3.7900773996833053
loistava,ADJ,Positive,5.873480704533968
loistavasti,ADV,Positive,4.888396986960995
loisto,NOUN,Positive,3.652866096165423
lokakuu,NOUN,Negative,-2.7900773996833053
lomalento,NOUN,Positive,2.794885101037851
lompakko,NOUN,Positive,2.794885101037851
looginen,ADJ,Positive,3.318447057094864
loogisesti,ADV,Positive,3.116813195925213
lopettaa,VERB,Negative,-2.7900773996833053
lopputulos,NOUN,Positive,3.8823479422881904
lounastaa,VERB,Positive,2.7017756966463695
lukea,VERB,Negative,-2.6525738759333706
luku,NOUN,Negative,-2.7900773996833053
luokaton,ADJ,Negative,-4.527042993849512
luonnossa,NOUN,Positive,4.116813195925213
luotettava,ADJ,Positive,2.7017756966463695
luotettavasti,ADV,Positive,4.3443489205376205
luotettavuus,NOUN,Positive,3.7017756966463695
luottokortti,NOUN,Negative,-3.5270429938495114
lupa,NOUN,Positive,2.602240023095455
lupailla,VERB,Negative,-4.205114898962149
lupaus,NOUN,Negative,-3.3750399004044613
luulla,VERB,Negative,-2.7900773996833053
luvata,VERB,Negative,-2.620152398240993
luvattu,ADJ,Positive,4.495324819178943
läheinen,ADJ,Positive,3.5497726032013195
läheisyydessä,ADV,Positive,3.4387412908125756
lähelle,ADP,Positive,3.318447057094864
lähettäjä,NOUN,Negative,-4.012469821019753
lähettää,VERB,Negative,-4.375039900404461
lähetystunnus,NOUN,Negative,-2.620152398240993
lähistö,NOUN,Positive,2.9648101024801634
lämmin,ADJ,Positive,3.027545857828126
lämminhenkinen,ADJ,Positive,2.794885101037851
lämmittää,VERB,Negative,-3.205114898962149
lämpimästi,ADV,Positive,6.699770560755993
löysä,ADJ,Positive,3.422621625449299
löytyä,VERB,Positive,2.897851679989039
löytää,VERB,Positive,3.544137068531887
löytö,NOUN,Positive,2.794885101037851
mahdollisuus,NOUN,Positive,2.652866096165423
mahtava,ADJ,Positive,2.7017756966463695
mahtavasti,ADV,Positive,2.8823479422881904
mainio,ADJ,Positive,4.7017756966463695
mainiosti,ADV,Positive,4.0802873199000995
mainittu,ADJ,Negative,-3.7900773996833053
mainos,NOUN,Negative,-3.0124698210197534
mainostaa,VERB,Negative,-3.0124698210197534
maisema,NOUN,Positive,3.254316719675148
maistaa,VERB,Positive,2.794885101037851
maistua,VERB,Positive,3.3494739527154884
maito,NOUN,Negative,-2.9420804931283553
maittava,ADJ,Positive,3.379847601759007
makea,ADJ,Positive,3.318447057094864
maksaa,VERB,Negative,-2.7900773996833053
maksamaton,ADJ,Negative,-2.7900773996833053
maksaminen,NOUN,Positive,2.794885101037851
maksattaa,VERB,Negative,-3.5270429938495114
maksettava,ADJ,Negative,-3.0124698210197534
maksettu,ADJ,Negative,-2.7900773996833053
maksumuistutus,NOUN,Negative,-4.012469821019753
maksutapa,NOUN,Positive,2.749081411424726
maksutieto,NOUN,Negative,-3.5270429938495114
maksuvaihtoehto,NOUN,Positive,3.4673104430093464
makuinen,ADJ,Positive,2.749081411424726
mallikas,ADJ,Positive,2.794885101037851
mallikkaasti,ADV,Positive,5.033289840362929
marina,NOUN,Positive,2.8823479422881904
marketti,NOUN,Negative,-4.012469821019753
materiaali,NOUN,Positive,2.7256224386007375
matka,NOUN,Positive,3.2099226003166947
matkalaukku,NOUN,Negative,-3.205114898962149
matkalippu,NOUN,Positive,2.794885101037851
matkavaraus,NOUN,Positive,2.794885101037851
maukas,ADJ,Positive,4.152437105655935
mauton,ADJ,Negative,-3.205114898962149
meinata,VERB,Positive,2.794885101037851
melkein,ADV,Positive,2.602240023095455
menevä,ADJ,Negative,-2.7900773996833053
meri,NOUN,Positive,2.9648101024801634
merkki,NOUN,Positive,2.8537787900914195
merkkinen,ADJ,Negative,-3.7900773996833053
miehistö,NOUN,Positive,2.7017756966463695
mieleinen,ADJ,Positive,2.7017756966463695
mielenkiintoinen,ADJ,Positive,2.9648101024801634
mieletön,ADJ,Positive,3.254316719675148
mieli,NOUN,Positive,3.652866096165423
mielinen,NOUN,Positive,3.318447057094864
mielipaha,NOUN,Negative,-3.205114898962149
mielipidekysely,NOUN,Negative,-2.7900773996833053
miellyttävä,ADJ,Positive,3.116813195925213
mieluinen,ADJ,Positive,3.409594945153059
mieluisa,ADJ,Positive,3.495324819178943
mies,NOUN,Positive,3.187202523816611
miinus,NOUN,Positive,4.88234794228819
miinuspuoli,NOUN,Positive,3.5497726032013195
miinustaa,VERB,Positive,3.2760117907744672
miljöö,NOUN,Positive,3.343321725733893
minkälainen,ADJ,Positive,3.379847601759007
minkäänlainen,ADJ,Positive,2.6361873550187926
minuutti,NOUN,Negative,-3.0124698210197534
miten,ADV,Negative,-2.7900773996833053
moderni,ADJ,Positive,2.602240023095455
moite,NOUN,Positive,2.794885101037851
moitittava,ADJ,Positive,5.90340955781602
moitteeton,ADJ,Positive,4.1872025238166115
moitteettomasti,ADV,Positive,4.223728399841725
moittiminen,NOUN,Positive,5.042812614481437
monenlainen,ADJ,Positive,3.0428126144814365
monesti,ADV,Positive,2.9847096599178684
monipuolinen,ADJ,Positive,5.0966353139875835
monipuolisesti,ADV,Positive,4.0802873199000995
monipuolistaa,VERB,Positive,2.7017756966463695
monistaa,VERB,Positive,3.116813195925213
muistaa,VERB,Positive,2.9648101024801634
muistama,NOUN,Positive,2.794885101037851
muistaminen,NOUN,Positive,3.254316719675148
muistokukka,NOUN,Positive,2.7017756966463695
muistutus,NOUN,Negative,-4.012469821019753
muistutuslasku,NOUN,Negative,-2.9420804931283553
muistutusmaksu,NOUN,Negative,-4.012469821019753
muka,ADV,Negative,-3.342618422712084
mukainen,ADJ,Positive,3.104740363624638
mukaisesti,ADV,Positive,2.869561787332347
mukamas,ADV,Negative,-2.620152398240993
mukava,ADJ,Positive,3.3494739527154884
mukavasti,ADV,Positive,3.2831715823473333
mummo,NOUN,Positive,2.794885101037851
munkki,NOUN,Positive,4.050385834186238
munkkikahvi,NOUN,Positive,3.116813195925213
muokata,VERB,Positive,3.187202523816611
mutka,NOUN,Positive,2.839279220396304
mutkaton,ADJ,Positive,4.737399606377091
mutkattomasti,ADV,Positive,4.737399606377091
mutteri,NOUN,Negative,-3.205114898962149
muu,ADJ,Negative,-4.012469821019753
muutama,PRON,Positive,3.476709141011596
myydä,VERB,Negative,-4.375039900404461
myöhästyä,VERB,Negative,-3.7900773996833053
myönteinen,ADJ,Positive,3.8823479422881904
myönteisesti,ADV,Positive,2.602240023095455
myöntää,VERB,Negative,-3.0124698210197534
mäntä,NOUN,Negative,-2.7900773996833053
mättää,VERB,Negative,-3.2640085880157175
määräytyä,VERB,Negative,-3.205114898962149
naarmu,NOUN,Negative,-2.7900773996833053
nappi,NOUN,Positive,3.0258395358777226
nauha,NOUN,Positive,3.318447057094864
naurettava,ADJ,Negative,-4.012469821019753
negatiivinen,ADJ,Positive,5.302679741236547
negatiivis,NOUN,Positive,2.602240023095455
nettikauppa,NOUN,Positive,4.105672638320013
nettiostos,NOUN,Positive,2.602240023095455
nettisivu,NOUN,Positive,3.733484556373708
nettisivusto,NOUN,Positive,4.602240023095455
nettitilaus,NOUN,Positive,3.5674746049347785
neuvo,NOUN,Positive,2.7017756966463695
neuvoja,NOUN,Positive,3.140659937879581
neuvonta,NOUN,Positive,3.318447057094864
niinkuin,ADV,Positive,3.754887033105932
nimi,NOUN,Negative,-2.6380743062382552
nimilappu,NOUN,Positive,3.7017756966463695
nopea,ADJ,Positive,5.962069466918086
nopeahko,ADJ,Positive,3.6775281503996924
nopeasti,ADV,Positive,4.063816913564309
nopeus,NOUN,Positive,4.602240023095455
nopsa,ADJ,Positive,2.602240023095455
nopsaan,ADV,Positive,4.0802873199000995
nousu,NOUN,Positive,3.602240023095455
noutaa,VERB,Negative,-3.205114898962149
nuorekas,ADJ,Positive,2.9648101024801634
nurkka,NOUN,Negative,-2.7900773996833053
nähdä,VERB,Negative,-3.7900773996833053
näkymä,NOUN,Positive,3.200877460713688
näkyä,VERB,Negative,-3.427507320298597
näköinen,ADJ,Positive,2.839279220396304
näkötorni,NOUN,Positive,3.254316719675148
näppärä,ADJ,Positive,3.200877460713688
näppärästi,ADV,Positive,3.839279220396304
nätisti,ADV,Positive,2.794885101037851
näyte,NOUN,Negative,-3.7900773996833053
näyttävä,ADJ,Positive,3.9241681179828176
odotella,VERB,Negative,-3.5270429938495114
odotetusti,ADV,Positive,4.379847601759007
odottaa,VERB,Negative,-2.64568749034813
odotus,NOUN,Positive,4.429091120778857
ohje,NOUN,Positive,2.634988605435167
oikea,ADJ,Positive,3.0496990000666764
oikeaan,ADV,Positive,2.6227041256551704
oikeanlainen,ADJ,Positive,4.495324819178943
oivallinen,ADJ,Positive,2.602240023095455
olematon,ADJ,Negative,-3.07958401687829
olettaa,VERB,Positive,2.9648101024801634
olka,NOUN,Negative,-4.375039900404461
oloinen,ADJ,Positive,2.839279220396304
ongelma,NOUN,Positive,3.478149675370811
ongelmaton,ADJ,Positive,3.254316719675148
onnellinen,ADJ,Positive,3.1347351039224756
onneton,ADJ,Negative,-4.527042993849512
onnistua,VERB,Positive,3.171697102998338
onnistunut,ADJ,Positive,3.4387412908125756
onnitella,VERB,Positive,3.0428126144814365
opastus,NOUN,Positive,3.495324819178943
osa,NOUN,Negative,-2.7900773996833053
osaava,ADJ,Positive,3.839279220396304
osamaksu,NOUN,Negative,-3.5270429938495114
osanen,NOUN,Positive,3.140659937879581
osasto,NOUN,Positive,2.7017756966463695
osoitetieto,NOUN,Negative,-2.620152398240993
ostaa,VERB,Negative,-4.012469821019753
ostaminen,NOUN,Positive,2.7017756966463695
ostettu,ADJ,Negative,-3.7900773996833053
osto,NOUN,Positive,3.0043384666668005
ostokokemus,NOUN,Positive,3.1986072870888607
ostopaikka,NOUN,Positive,4.677528150399692
ostos,NOUN,Positive,3.027545857828126
ostotapahtuma,NOUN,Positive,3.764511451994332
otsikko,NOUN,Positive,2.7017756966463695
ottaa,VERB,Positive,3.0428126144814365
paha,ADJ,Positive,3.2867381973675256
pahempi,ADJ,Negative,-4.012469821019753
pahoitella,VERB,Negative,-3.7900773996833053
paikka,NOUN,Positive,2.794885101037851
paikkakunta,NOUN,Positive,2.749081411424726
painike,NOUN,Negative,-2.7900773996833053
pakattu,ADJ,Positive,4.749081411424726
pakkanen,NOUN,Negative,-2.7900773996833053
paksu,ADJ,Positive,2.794885101037851
palanut,ADJ,Negative,-2.7900773996833053
palata,VERB,Positive,2.764511451994332
palaute,NOUN,Negative,-4.205114898962149
palauttaa,VERB,Negative,-4.375039900404461
palautua,VERB,Negative,-3.0124698210197534
palautusnumero,NOUN,Negative,-4.012469821019753
palvella,VERB,Positive,2.7017756966463695
palvelu,NOUN,Positive,2.78460212777599
palvelualtis,ADJ,Positive,3.602240023095455
palvelumuoto,NOUN,Positive,3.0428126144814365
parannusehdotus,NOUN,Positive,3.602240023095455
paras,ADJ,Positive,3.5579697561679393
parhain,ADJ,Positive,3.116813195925213
parhaiten,ADV,Positive,3.1524371056559346
parkki,NOUN,Positive,3.0428126144814365
parkkihalli,NOUN,Positive,2.602240023095455
parkkipaikka,NOUN,Positive,2.602240023095455
paska,ADJ,Negative,-4.960002401125617
peili,NOUN,Negative,-2.7900773996833053
pelastaa,VERB,Positive,2.6361873550187926
pelastua,VERB,Positive,3.652866096165423
pelata,VERB,Positive,3.207268146870717
pelittää,VERB,Positive,3.4673104430093464
pelkkä,ADJ,Positive,2.7017756966463695
pelottaa,VERB,Positive,2.602240023095455
pelätä,VERB,Positive,2.602240023095455
perhe,NOUN,Positive,2.652866096165423
perinteinen,ADJ,Positive,2.602240023095455
perintä,NOUN,Negative,-3.5270429938495114
periä,VERB,Negative,-3.205114898962149
perse,NOUN,Negative,-3.397759976904545
persoonallinen,ADJ,Positive,4.152437105655935
perua,VERB,Negative,-2.9420804931283553
peruttu,ADJ,Negative,-3.205114898962149
peruutettu,ADJ,Negative,-4.375039900404461
peruuttaa,VERB,Negative,-3.7900773996833053
peruutus,NOUN,Negative,-4.012469821019753
pettymys,NOUN,Negative,-2.9055546171032414
pettynyt,ADJ,Negative,-3.248910016841834
pettää,VERB,Negative,-2.7900773996833053
peukku,NOUN,Positive,4.152437105655935
pidetä,VERB,Positive,3.116813195925213
pidin,NOUN,Positive,3.0579195068716447
pielessä,ADV,Negative,-3.427507320298597
pieni,ADJ,Positive,2.7017756966463695
piipahtaa,VERB,Positive,2.9648101024801634
pilalla,ADV,Negative,-3.2640085880157175
pilalle,ADV,Negative,-2.848971088736874
pimeä,ADJ,Negative,-2.7900773996833053
pinkki,ADJ,Positive,2.602240023095455
pitkä,ADJ,Positive,2.794885101037851
pitää,AUX,Positive,2.8609742914956233
plussa,NOUN,Positive,2.7424176811437153
plussata,VERB,Positive,2.894006147472565
pohjanoteeraus,NOUN,Negative,-4.375039900404461
poika,NOUN,Positive,2.794885101037851
poiketa,VERB,Positive,3.749081411424726
poikki,ADV,Negative,-2.9055546171032414
porukka,NOUN,Positive,2.7017756966463695
positiivinen,ADJ,Positive,3.4078619779286035
positiivisesti,ADV,Positive,4.495324819178943
postilaatikko,NOUN,Positive,2.602240023095455
postiluukku,NOUN,Positive,3.9241681179828176
postitus,NOUN,Positive,2.8908095210363864
potentiaali,NOUN,Negative,-2.7900773996833053
priima,ADJ,Positive,3.379847601759007
puhe,NOUN,Negative,-3.205114898962149
puhelin,NOUN,Negative,-2.7900773996833053
puhelinkotelo,NOUN,Positive,3.0428126144814365
puhelinkuori,NOUN,Positive,2.794885101037851
puhelinnumero,NOUN,Negative,-2.7900773996833053
puhelinsoitto,NOUN,Positive,2.602240023095455
puhelintarvike,NOUN,Positive,2.9648101024801634
puhelu,NOUN,Negative,-3.5270429938495114
puhua,VERB,Negative,-2.7900773996833053
puhuva,ADJ,Negative,-4.205114898962149
pulla,NOUN,Positive,2.749081411424726
punainen,ADJ,Negative,-2.7900773996833053
puolitiehen,ADV,Negative,-2.7900773996833053
purra,VERB,Positive,2.602240023095455
puute,NOUN,Positive,3.116813195925213
puuttuva,ADJ,Negative,-2.620152398240993
pystyttää,VERB,Negative,-3.205114898962149
pystyä,VERB,Positive,2.602240023095455
pysyvä,ADJ,Positive,2.749081411424726
pyy,NOUN,Positive,4.409594945153059
pyyntö,NOUN,Negative,-2.7900773996833053
pyytää,VERB,Negative,-2.7900773996833053
päivänsankari,NOUN,Positive,2.602240023095455
pääasiassa,ADV,Positive,3.4387412908125756
pääosin,ADV,Positive,2.8823479422881904
pääsivät,VERB,Positive,2.8823479422881904
pääsiäinen,NOUN,Positive,2.7017756966463695
päästyämme,VERB,Negative,-3.7900773996833053
päättynyt,ADJ,Negative,-2.7900773996833053
päätös,NOUN,Positive,4.0802873199000995
raha,NOUN,Negative,-2.620152398240993
rahapalautus,NOUN,Negative,-3.3750399004044613
rahastaa,VERB,Negative,-4.012469821019753
rahastus,NOUN,Negative,-2.8680799116845783
raikas,ADJ,Positive,3.116813195925213
rakeinen,ADJ,Negative,-5.292577740212488
ranta,NOUN,Positive,3.399747159196712
rappu,NOUN,Negative,-4.375039900404461
rasvattu,ADJ,Positive,2.9648101024801634
rauha,NOUN,Positive,3.409594945153059
rauhallinen,ADJ,Positive,4.004338466666801
rauma,NOUN,Positive,3.379847601759007
rautatieasema,NOUN,Positive,2.602240023095455
reaaliaikainen,ADJ,Positive,2.8823479422881904
reagointi,NOUN,Positive,3.254316719675148
regatta,NOUN,Positive,3.254316719675148
reilu,ADJ,Positive,2.9648101024801634
reipas,ADJ,Positive,3.187202523816611
reissu,NOUN,Positive,3.116813195925213
reitti,NOUN,Positive,2.794885101037851
rekisteröity,ADJ,Negative,-3.205114898962149
reklamaatio,NOUN,Negative,-3.205114898962149
reklamoida,VERB,Negative,-2.664546517599446
reklamointi,NOUN,Negative,-2.7900773996833053
rento,ADJ,Positive,4.409594945153059
revitty,ADJ,Negative,-3.205114898962149
riittävä,ADJ,Positive,2.847996437497413
riittävästi,ADV,Positive,3.195764537320035
rikkinäinen,ADJ,Negative,-2.719688071791907
rikkoa,VERB,Negative,-3.7900773996833053
rikosilmoitus,NOUN,Negative,-4.205114898962149
ripeä,ADJ,Positive,3.978106925093621
ripeästi,ADV,Positive,4.409594945153059
robotti,NOUN,Negative,-3.5270429938495114
rohkeasti,ADV,Positive,2.602240023095455
romanttinen,ADJ,Positive,2.602240023095455
roska,NOUN,Negative,-3.0124698210197534
runsas,ADJ,Positive,2.8823479422881904
saada,VERB,Positive,2.602240023095455
saaja,NOUN,Positive,3.187202523816611
saapua,VERB,Negative,-3.5270429938495114
saatana,NOUN,Negative,-3.5270429938495114
saippua,NOUN,Negative,-3.205114898962149
sairaala,NOUN,Positive,3.116813195925213
salaatti,NOUN,Positive,2.794885101037851
saldo,NOUN,Negative,-2.7900773996833053
sama,PRON,Negative,-3.205114898962149
sana,NOUN,Negative,-3.5270429938495114
sankari,NOUN,Positive,3.0428126144814365
sanoa,VERB,Negative,-3.053111805517099
sanottava,ADJ,Positive,4.343321725733893
sattua,VERB,Positive,2.794885101037851
seinä,NOUN,Positive,3.0428126144814365
seisoa,VERB,Negative,-3.427507320298597
sekoilu,NOUN,Negative,-2.664546517599446
sekunda,ADJ,Negative,-3.7900773996833053
selaaminen,NOUN,Positive,2.9648101024801634
selata,VERB,Positive,4.254316719675148
selitellä,VERB,Negative,-2.7900773996833053
selitys,NOUN,Negative,-3.7900773996833053
seljetä,VERB,Positive,5.951389586717842
selkeys,NOUN,Positive,2.794885101037851
selkeä,ADJ,Positive,5.248155735048474
selkä,NOUN,Negative,-2.7900773996833053
sellainen,ADJ,Positive,3.755714503757173
selvittää,VERB,Negative,-2.9055546171032414
selvitä,VERB,Positive,2.602240023095455
selvä,ADJ,Positive,3.6277751152025925
shoppailla,VERB,Positive,2.9648101024801634
shoppailu,NOUN,Positive,2.602240023095455
siirto,NOUN,Positive,3.379847601759007
siirtyminen,NOUN,Positive,2.9648101024801634
siisti,ADJ,Positive,3.9648101024801634
siististi,ADV,Positive,4.0802873199000995
siistiä,VERB,Positive,4.152437105655935
siivota,VERB,Negative,-2.7900773996833053
sijainti,NOUN,Positive,3.0428126144814365
sijata,VERB,Positive,3.116813195925213
silikoni,NOUN,Negative,-3.5270429938495114
simppeli,ADJ,Positive,3.187202523816611
sinä,PRON,Positive,2.8823479422881904
sisustaa,VERB,Positive,3.8823479422881904
sivu,NOUN,Positive,3.2123707513214184
sivusta,NOUN,Positive,3.0428126144814365
sivusto,NOUN,Positive,3.070163102626392
skeptinen,ADJ,Positive,2.7017756966463695
soitella,VERB,Negative,-2.664546517599446
soittopyyntö,NOUN,Negative,-2.9420804931283553
sopimus,NOUN,Negative,-4.012469821019753
sopiva,ADJ,Positive,3.254316719675148
sopivasti,ADV,Positive,2.7017756966463695
sotku,NOUN,Negative,-2.7900773996833053
sovittu,ADJ,Positive,3.0428126144814365
suhde,NOUN,Positive,4.2401956114304955
suhteellinen,ADJ,Positive,3.6824103717794383
suihkuta,VERB,Negative,-2.7900773996833053
sujua,VERB,Positive,3.4713459562445035
sujuva,ADJ,Positive,5.491852627272138
sujuvasti,ADV,Positive,4.565714147070341
sujuvuus,NOUN,Positive,2.602240023095455
sukka,NOUN,Positive,2.6723319187538874
sukunimi,NOUN,Negative,-2.9420804931283553
sulava,ADJ,Positive,2.9648101024801634
suloinen,ADJ,Positive,2.794885101037851
sumea,ADJ,Negative,-4.012469821019753
summa,ADJ,Negative,-2.620152398240993
sunnuntai,NOUN,Positive,3.6277751152025925
suodakuori,VERB,Positive,2.7017756966463695
suojakotelo,NOUN,Positive,2.602240023095455
suolainen,ADJ,Positive,4.576244814562511
suosia,VERB,Positive,2.7017756966463695
suositella,VERB,Negative,-4.678286574225749
suosittu,ADJ,Positive,4.576244814562511
suostua,VERB,Negative,-3.0124698210197534
surkea,ADJ,Negative,-3.9055546171032414
surkeasti,ADV,Negative,-4.012469821019753
surukimppu,NOUN,Positive,3.0428126144814365
surukukka,NOUN,Positive,4.677528150399692
suttuinen,ADJ,Negative,-3.3750399004044613
suurkiitos,NOUN,Positive,2.794885101037851
sydän,NOUN,Positive,2.602240023095455
sympaattinen,ADJ,Positive,3.5497726032013195
synttärisankari,NOUN,Positive,2.794885101037851
syvältä,ADV,Negative,-3.5270429938495114
syy,NOUN,Negative,-3.5270429938495114
syyskuu,NOUN,Negative,-2.7900773996833053
sähköpostiosoite,NOUN,Negative,-3.7900773996833053
sähköpostiviesti,NOUN,Negative,-3.5270429938495114
sänky,NOUN,Positive,2.7256224386007375
säännöllisesti,ADV,Positive,3.5497726032013195
säästää,VERB,Positive,3.7017756966463695
söpö,ADJ,Positive,2.9648101024801634
taattu,ADJ,Positive,4.042812614481437
tabletti,NOUN,Negative,-3.5270429938495114
tahra,NOUN,Negative,-3.0124698210197534
tahtoa,VERB,Positive,2.602240023095455
taivaallinen,ADJ,Positive,2.602240023095455
talvi,NOUN,Positive,3.187202523816611
tapaan,ADV,Positive,4.004338466666801
tapetti,NOUN,Positive,3.531850695204057
tappaa,VERB,Positive,3.8526685976234836
tarjoilla,VERB,Positive,3.0043384666668005
tarjoilu,NOUN,Positive,4.221149855739949
tarjota,VERB,Positive,4.152437105655935
tarjous,NOUN,Positive,5.16411891070357
tarkka,ADJ,Positive,3.495324819178943
tarkoitus,NOUN,Positive,3.0428126144814365
tarpeellinen,ADJ,Positive,2.8823479422881904
tarra,NOUN,Positive,2.6361873550187926
tarve,NOUN,Positive,2.7721650245377676
tarvike,NOUN,Positive,2.602240023095455
tarvis,ADV,Positive,2.7017756966463695
tarvita,AUX,Positive,3.318447057094864
tarvittaessa,ADV,Positive,3.824632444431903
tasainen,ADJ,Positive,2.7017756966463695
tasokas,ADJ,Positive,2.7017756966463695
tavoittaa,VERB,Negative,-2.620152398240993
teettää,VERB,Negative,-3.5270429938495114
tehokas,ADJ,Positive,4.318447057094864
tehokkaasti,ADV,Positive,3.379847601759007
tekeminen,NOUN,Positive,3.4221584066169717
tekninen,ADJ,Negative,-3.205114898962149
teknisesti,ADV,Positive,2.602240023095455
teko,NOUN,Positive,3.187202523816611
tekstari,NOUN,Positive,2.602240023095455
teline,NOUN,Negative,-3.205114898962149
terassi,NOUN,Positive,2.794885101037851
terminaali,NOUN,Negative,-2.7900773996833053
tervehdys,NOUN,Positive,2.794885101037851
tervetullut,ADJ,Positive,2.8823479422881904
testattu,ADJ,Positive,3.318447057094864
tiedosto,NOUN,Negative,-3.5270429938495114
tiedotus,NOUN,Negative,-2.7900773996833053
tiedustella,VERB,Negative,-2.7900773996833053
tietty,ADJ,Positive,2.7017756966463695
tiivistesarja,NOUN,Negative,-3.7900773996833053
tilaaja,NOUN,Negative,-2.7900773996833053
tilata,VERB,Negative,-3.5270429938495114
tilaus,NOUN,Negative,-2.7900773996833053
tilausjärjestelmä,NOUN,Negative,-2.7900773996833053
tilausohjelma,NOUN,Positive,2.7017756966463695
tilausprosessi,NOUN,Positive,2.6277751152025925
tilava,ADJ,Positive,3.794885101037851
todentua,VERB,Positive,3.116813195925213
todistus,NOUN,Negative,-3.0124698210197534
toimi,NOUN,Positive,2.9146939829735237
toimia,VERB,Positive,2.9648101024801634
toimimaton,ADJ,Negative,-4.375039900404461
toiminta,NOUN,Positive,2.7102372753945656
toimitettu,ADJ,Negative,-2.7900773996833053
toimittaa,VERB,Negative,-2.719688071791907
toimitus,NOUN,Positive,4.749081411424726
toimitusaika,NOUN,Negative,-2.7900773996833053
toimitusmaksu,NOUN,Positive,2.602240023095455
toimiva,ADJ,Positive,5.397175685898992
toiste,NOUN,Negative,-3.3046505725130633
toive,NOUN,Positive,3.4387412908125756
toivo,NOUN,Positive,4.0802873199000995
toivoa,VERB,Negative,-3.5270429938495114
toivomus,NOUN,Positive,2.9648101024801634
toivottu,ADJ,Positive,3.9241681179828176
torni,NOUN,Positive,3.0428126144814365
tosi,NOUN,Negative,-2.715309631281333
tosiasia,NOUN,Negative,-3.5270429938495114
totaalinen,ADJ,Negative,-2.7900773996833053
toteutua,VERB,Positive,2.7017756966463695
tottunut,ADJ,Positive,2.6361873550187926
totuus,NOUN,Negative,-2.664546517599446
touhuta,VERB,Negative,-3.1437143542980057
tukea,VERB,Positive,2.602240023095455
tukeva,ADJ,Positive,3.0428126144814365
tukisukka,NOUN,Positive,2.794885101037851
tulevaisuus,NOUN,Positive,3.839279220396304
tulla,VERB,Negative,-2.7900773996833053
tulos,NOUN,Positive,2.602240023095455
tumma,ADJ,Negative,-2.7900773996833053
tungos,NOUN,Positive,2.602240023095455
tunne,NOUN,Positive,3.187202523816611
tunnelma,NOUN,Positive,2.824632444431903
tunnelmallinen,ADJ,Positive,4.665249820621256
tuntuinen,ADJ,Positive,3.8823479422881904
tuntuma,NOUN,Positive,3.0428126144814365
tuntuva,ADJ,Positive,2.90340955781602
tuoda,VERB,Positive,3.8823479422881904
tuore,ADJ,Positive,4.152437105655935
tuote,NOUN,Positive,3.1278683844342092
tuotekuva,NOUN,Positive,3.4387412908125756
tuotenumero,NOUN,Negative,-4.012469821019753
tuotevalikoima,NOUN,Positive,2.7017756966463695
turvallinen,ADJ,Positive,3.254316719675148
turvallisesti,ADV,Positive,3.116813195925213
turvallistaa,VERB,Positive,5.221149855739949
turvallisuus,NOUN,Positive,2.8823479422881904
turvata,VERB,Positive,2.794885101037851
tuttava,ADJ,Positive,3.0428126144814365
tuttavuus,NOUN,Positive,4.042812614481437
tuttu,ADJ,Positive,3.140659937879581
tutustua,VERB,Positive,3.0043384666668005
tyhjä,ADJ,Negative,-5.112005494570668
tykätä,VERB,Positive,3.254316719675148
tylysti,ADV,Negative,-4.012469821019753
tympeä,ADJ,Negative,-3.205114898962149
tyylikkäästi,ADV,Positive,4.042812614481437
tyylikäs,ADJ,Positive,3.379847601759007
tyyny,NOUN,Positive,2.7017756966463695
tyytymätön,ADJ,Negative,-3.7900773996833053
tyytyväinen,ADJ,Positive,2.602240023095455
työ,NOUN,Positive,2.602240023095455
työmatka,NOUN,Positive,3.0428126144814365
työpaikka,NOUN,Positive,4.004338466666801
täi,NOUN,Positive,3.794885101037851
tärkeä,ADJ,Positive,2.8128070090351134
täsmälleen,ADV,Positive,2.6775281503996924
täsmällinen,ADJ,Positive,5.254316719675148
täsmällisesti,ADV,Positive,4.984709659917868
täsmällistää,VERB,Positive,4.817252914066305
tässä,ADV,Negative,-2.9420804931283553
täydellinen,ADJ,Positive,4.627775115202592
täydellisesti,ADV,Positive,4.086439546881695
täydellistää,VERB,Positive,4.529594721263689
täys,ADV,Positive,3.602240023095455
täysi,ADJ,Positive,4.394797943224979
täyttyä,VERB,Negative,-3.7900773996833053
täyttää,VERB,Positive,3.5497726032013195
tökerö,ADJ,Negative,-2.7900773996833053
törkeä,ADJ,Negative,-4.143714354298006
tötterö,NOUN,Negative,-3.5270429938495114
töykeä,ADJ,Negative,-3.112005494570668
töykeästi,ADV,Negative,-3.7900773996833053
unelma,NOUN,Positive,3.749081411424726
unohtaa,VERB,Positive,2.7017756966463695
upea,ADJ,Positive,3.749081411424726
upeasti,ADV,Positive,4.409594945153059
usea,ADJ,Positive,2.8823479422881904
useammin,ADV,Positive,2.8537787900914195
uskaltaa,VERB,Positive,2.733484556373708
usko,NOUN,Positive,2.8823479422881904
uudelleen,ADV,Positive,4.576244814562511
uudestaan,ADV,Positive,5.2706185320042485
vaadin,NOUN,Negative,-2.7900773996833053
vaate,NOUN,Positive,2.602240023095455
vahvistusviestin,NOUN,Negative,-3.7900773996833053
vaihe,NOUN,Positive,3.254316719675148
vaihto,NOUN,Positive,2.669354218953992
vaihtoehto,NOUN,Positive,3.5874430211673745
vaikeus,NOUN,Positive,2.602240023095455
vaikuttava,ADJ,Positive,2.764511451994332
vaiva,NOUN,Positive,3.749081411424726
vaivaton,ADJ,Positive,6.808905571352786
vaivattomasti,ADV,Positive,5.42424172111746
vaivautua,VERB,Negative,-2.7900773996833053
vajaa,ADJ,Positive,2.794885101037851
vakava,ADJ,Negative,-3.205114898962149
vakuuttaa,VERB,Negative,-3.7900773996833053
valikoima,NOUN,Positive,5.125801979152468
valinnanvara,NOUN,Positive,3.8823479422881904
valinta,NOUN,Positive,3.5497726032013195
valitettava,ADJ,Positive,4.394797943224979
valittaa,VERB,Negative,-4.205114898962149
valittaminen,NOUN,Positive,5.231596643175065
valittava,ADJ,Positive,3.5497726032013195
valitus,NOUN,Negative,-2.7900773996833053
valkoinen,ADJ,Negative,-3.205114898962149
valtaisa,ADJ,Negative,-2.7900773996833053
vapaa,ADJ,Positive,3.0043384666668005
varaaminen,NOUN,Positive,3.4824626682418938
varasto,NOUN,Negative,-3.5270429938495114
varata,VERB,Positive,2.9241681179828176
varaus,NOUN,Positive,3.749081411424726
varma,ADJ,Positive,3.6277751152025925
varmistaa,VERB,Positive,3.839279220396304
varoa,VERB,Negative,-4.905554617103241
varovainen,ADJ,Negative,-4.205114898962149
varrella,ADV,Positive,3.116813195925213
varuste,NOUN,Positive,3.116813195925213
varustella,VERB,Positive,3.379847601759007
vasen,ADJ,Negative,-3.205114898962149
vasta,NOUN,Positive,3.7017756966463695
vastaaja,NOUN,Negative,-4.012469821019753
vastaanottaja,NOUN,Positive,5.023703791533732
vastaisuus,NOUN,Positive,3.839279220396304
vastata,VERB,Positive,4.345082183598331
vastaus,NOUN,Negative,-3.223973926213465
vastuu,NOUN,Negative,-2.9420804931283553
vau,INTJ,Positive,2.7017756966463695
vedellä,VERB,Negative,-3.5270429938495114
vedätys,NOUN,Negative,-3.5270429938495114
velka,NOUN,Negative,-2.9420804931283553
veloittaa,VERB,Negative,-4.527042993849512
verkko,NOUN,Positive,3.379847601759007
verkkokauppa,NOUN,Positive,2.773925482402205
verkkosivu,NOUN,Positive,2.7017756966463695
verrata,VERB,Positive,2.749081411424726
vertailla,VERB,Positive,2.602240023095455
vertailu,NOUN,Positive,4.90340955781602
vessa,NOUN,Positive,3.9747941910527853
viallinen,ADJ,Negative,-3.3750399004044613
viedä,VERB,Negative,-2.620152398240993
viehättävä,ADJ,Positive,4.0802873199000995
vielä,ADV,Negative,-4.719141492872359
vieläpä,ADV,Positive,2.8823479422881904
vierekkäin,ADV,Positive,2.602240023095455
vihainen,ADJ,Negative,-4.012469821019753
vihreä,ADJ,Negative,-2.7900773996833053
viihdetarjonta,NOUN,Positive,3.116813195925213
viihtyisä,ADJ,Positive,4.235457692423832
viihtyä,VERB,Positive,2.9648101024801634
viikko,NOUN,Negative,-3.5270429938495114
viipyä,VERB,Negative,-3.0124698210197534
viive,NOUN,Positive,2.9648101024801634
viivästyminen,NOUN,Negative,-2.7900773996833053
viivästys,NOUN,Negative,-4.527042993849512
viivästyä,VERB,Negative,-3.07958401687829
vilpittömästi,ADV,Positive,3.4387412908125756
vinkki,NOUN,Positive,3.379847601759007
virhe,NOUN,Positive,3.0428126144814365
virheellinen,ADJ,Negative,-2.7900773996833053
virheetön,ADJ,Positive,3.318447057094864
vittu,NOUN,Negative,-2.7900773996833053
vituttaa,VERB,Negative,-4.375039900404461
voi,NOUN,Positive,3.1648693372697165
voida,AUX,Negative,-3.205114898962149
vuode,NOUN,Negative,-2.7900773996833053
vuokrata,VERB,Negative,-3.5270429938495114
vuokraus,NOUN,Positive,2.794885101037851
vuosi,NOUN,Positive,3.409594945153059
väittää,VERB,Negative,-4.205114898962149
välinpitämätön,ADJ,Negative,-3.3750399004044613
välttävä,ADJ,Negative,-3.620152398240993
välttää,VERB,Negative,-2.7900773996833053
väri,NOUN,Positive,3.3494739527154884
vääristynyt,ADJ,Negative,-3.205114898962149
väärä,ADJ,Negative,-2.883186804074787
vääränlainen,ADJ,Negative,-2.7900773996833053
ydin,NOUN,Positive,3.379847601759007
yhdistyä,VERB,Negative,-2.7900773996833053
yhdysvallat,NOUN,Positive,3.379847601759007
yhteistyö,NOUN,Positive,2.794885101037851
yhteydenotto,NOUN,Negative,-3.205114898962149
yksinkertainen,ADJ,Positive,4.0802873199000995
yksinkertaistaa,VERB,Positive,4.3873421383059314
yksityiskohta,NOUN,Positive,3.602240023095455
yliarvostaa,VERB,Negative,-3.7900773996833053
ylihintainen,ADJ,Negative,-3.7900773996833053
ylimielinen,ADJ,Negative,-3.664546517599446
ylin,ADJ,Positive,2.9648101024801634
ylittää,VERB,Positive,3.254316719675148
yllättynyt,ADJ,Positive,4.4530965837896455
yllättyä,VERB,Positive,2.602240023095455
yllättävä,ADJ,Positive,2.910362318457787
yllättää,VERB,Positive,3.662781565030506
yllätys,NOUN,Positive,3.495324819178943
yläreuna,NOUN,Negative,-2.7900773996833053
ymmällä,ADV,Negative,-3.7900773996833053
ymmärrettävä,ADJ,Positive,2.602240023095455
ympäristö,NOUN,Positive,4.0802873199000995
yrittää,VERB,Negative,-2.8571915955418423
ystävä,NOUN,Positive,2.7017756966463695
ystävällinen,ADJ,Positive,3.116813195925213
yöpyä,VERB,Positive,2.7017756966463695
äiti,NOUN,Positive,3.116813195925213
äitienpäivä,NOUN,Positive,4.254316719675148
äitipäiväkukka,NOUN,Positive,4.467310443009346
äärellä,ADV,Positive,3.52280555560105
